transaction_id,customer_id,timestamp,amount,merchant_category,beneficiary_id,fraud_label
TX_000001,CUST_0036,10-01-2026 06:07,73.58,p2p_transfer,BENEF_0249,0.0
TX_000002,CUST_0097,10-01-2026 07:04,128.56,utilities,BENEF_0038,0.0
TX_000003,CUST_0096,10-01-2026 08:33,422.5,dining,BENEF_0101,0.0
TX_000004,CUST_0052,10-01-2026 08:56,36.15,grocery_pos,BENEF_0018,0.0
TX_000005,CUST_0021,10-01-2026 09:20,256.17,travel_flight,BENEF_0095,0.0
TX_000006,CUST_0074,10-01-2026 10:12,219.32,travel_flight,BENEF_0075,0.0
TX_000007,CUST_0075,10-01-2026 11:05,96.78,dining,BENEF_0069,0.0
TX_000008,CUST_0005,10-01-2026 12:09,187.29,utilities,BENEF_0211,0.0
TX_000009,CUST_0076,10-01-2026 12:36,398.29,travel_flight,BENEF_0201,0.0
TX_000010,CUST_0039,10-01-2026 14:05,361.05,travel_flight,BENEF_0060,0.0
TX_000011,CUST_0070,10-01-2026 14:32,239.85,shopping_online,BENEF_0132,0.0
TX_000012,CUST_0070,10-01-2026 15:14,51.62,p2p_transfer,BENEF_0183,0.0
TX_000013,CUST_0077,10-01-2026 16:43,186.3,p2p_transfer,BENEF_0036,0.0
TX_000014,CUST_0005,10-01-2026 18:11,298.76,dining,BENEF_0194,0.0
TX_000015,CUST_0071,10-01-2026 19:33,1434.13,electronics,BENEF_SUSP_9706,1.0
TX_000016,CUST_0022,10-01-2026 19:56,345.06,dining,BENEF_0230,0.0
TX_000017,CUST_0050,10-01-2026 20:16,441.8,grocery_pos,BENEF_0013,0.0
TX_000018,CUST_0035,10-01-2026 21:16,42.38,dining,BENEF_0239,0.0
TX_000019,CUST_0033,10-01-2026 21:39,237.5,utilities,BENEF_0186,0.0
TX_000020,CUST_0030,10-01-2026 22:54,175.69,utilities,BENEF_0097,0.0
TX_000021,CUST_0001,10-01-2026 23:30,292.0,travel_flight,BENEF_0164,0.0
TX_000022,CUST_0009,11-01-2026 00:07,292.21,shopping_online,BENEF_0229,0.0
TX_000023,CUST_0051,11-01-2026 01:21,374.16,utilities,BENEF_0013,0.0
TX_000024,CUST_0015,11-01-2026 02:00,223.34,dining,BENEF_0184,0.0
TX_000025,CUST_0059,11-01-2026 02:26,302.72,utilities,BENEF_0060,0.0
TX_000026,CUST_0027,11-01-2026 03:53,30.06,electronics,BENEF_0157,0.0
TX_000027,CUST_0067,11-01-2026 05:11,302.0,shopping_online,BENEF_0125,0.0
TX_000028,CUST_0051,11-01-2026 05:27,341.73,dining,BENEF_0173,0.0
TX_000029,CUST_0098,11-01-2026 06:14,36.15,dining,BENEF_0239,0.0
TX_000030,CUST_0077,11-01-2026 07:18,399.44,shopping_online,BENEF_0132,0.0
TX_000031,CUST_0015,11-01-2026 08:38,83.88,travel_flight,BENEF_0075,0.0
TX_000032,CUST_0074,11-01-2026 08:56,341.88,grocery_pos,BENEF_0245,0.0
TX_000033,CUST_0093,11-01-2026 10:17,323.63,p2p_transfer,BENEF_0020,0.0
TX_000034,CUST_0059,11-01-2026 10:32,78.95,p2p_transfer,BENEF_0220,0.0
TX_000035,CUST_0038,11-01-2026 11:35,172.54,electronics,BENEF_0105,0.0
TX_000036,CUST_0022,11-01-2026 12:12,179.98,grocery_pos,BENEF_0047,0.0
TX_000037,CUST_0085,11-01-2026 12:34,65.61,grocery_pos,BENEF_0116,0.0
TX_000038,CUST_0001,11-01-2026 13:28,287.8,electronics,BENEF_0219,0.0
TX_000039,CUST_0040,11-01-2026 14:00,353.9,dining,BENEF_0069,0.0
TX_000040,CUST_0094,11-01-2026 14:32,37.16,electronics,BENEF_0235,0.0
TX_000041,CUST_0009,11-01-2026 15:01,236.24,grocery_pos,BENEF_0156,0.0
TX_000042,CUST_0060,11-01-2026 15:25,78.86,electronics,BENEF_0176,0.0
TX_000043,CUST_0033,11-01-2026 16:36,98.38,dining,BENEF_0161,0.0
TX_000044,CUST_0040,11-01-2026 17:36,330.68,grocery_pos,BENEF_0201,0.0
TX_000045,CUST_0082,11-01-2026 18:48,296.02,travel_flight,BENEF_0054,0.0
TX_000046,CUST_0044,11-01-2026 19:39,252.75,travel_flight,BENEF_0213,0.0
TX_000047,CUST_0081,11-01-2026 20:16,167.74,travel_flight,BENEF_0016,0.0
TX_000048,CUST_0051,11-01-2026 20:52,340.39,travel_flight,BENEF_0060,0.0
TX_000049,CUST_0092,11-01-2026 21:58,104.36,utilities,BENEF_0087,0.0
TX_000050,CUST_0019,11-01-2026 22:47,271.7,dining,BENEF_0199,0.0
TX_000051,CUST_0001,11-01-2026 23:45,437.19,p2p_transfer,BENEF_0220,0.0
TX_000052,CUST_0017,12-01-2026 00:07,311.81,p2p_transfer,BENEF_0008,0.0
TX_000053,CUST_0027,12-01-2026 00:47,176.04,p2p_transfer,BENEF_0031,0.0
TX_000054,CUST_0069,12-01-2026 02:02,397.03,shopping_online,BENEF_0018,0.0
TX_000055,CUST_0078,12-01-2026 02:35,49.29,travel_flight,BENEF_0004,0.0
TX_000056,CUST_0082,12-01-2026 03:24,77.94,shopping_online,BENEF_0232,0.0
TX_000057,CUST_0075,12-01-2026 04:00,172.48,travel_flight,BENEF_0246,0.0
TX_000058,CUST_0091,12-01-2026 04:34,382.31,dining,BENEF_0118,0.0
TX_000059,CUST_0079,12-01-2026 05:55,291.83,dining,BENEF_0096,0.0
TX_000060,CUST_0043,12-01-2026 06:23,144.24,shopping_online,BENEF_0129,0.0
TX_000061,CUST_0030,12-01-2026 06:48,46.75,electronics,BENEF_0196,0.0
TX_000062,CUST_0029,12-01-2026 08:16,274.41,shopping_online,BENEF_0149,0.0
TX_000063,CUST_0063,12-01-2026 09:12,389.54,shopping_online,BENEF_0170,0.0
TX_000064,CUST_0017,12-01-2026 09:41,300.14,electronics,BENEF_0110,0.0
TX_000065,CUST_0086,12-01-2026 10:17,176.93,shopping_online,BENEF_0040,0.0
TX_000066,CUST_0091,12-01-2026 11:04,268.04,shopping_online,BENEF_0243,0.0
TX_000067,CUST_0053,12-01-2026 12:25,119.81,electronics,BENEF_0134,0.0
TX_000068,CUST_0066,12-01-2026 12:57,155.83,grocery_pos,BENEF_0228,0.0
TX_000069,CUST_0062,12-01-2026 13:18,378.02,electronics,BENEF_0223,0.0
TX_000070,CUST_0054,12-01-2026 14:12,3937.47,electronics,BENEF_SUSP_9797,1.0
TX_000071,CUST_0001,12-01-2026 15:18,78.67,dining,BENEF_0059,0.0
TX_000072,CUST_0015,12-01-2026 16:25,318.21,utilities,BENEF_0075,0.0
TX_000073,CUST_0033,12-01-2026 16:49,321.76,travel_flight,BENEF_0057,0.0
TX_000074,CUST_0076,12-01-2026 18:01,95.72,shopping_online,BENEF_0048,0.0
TX_000075,CUST_0036,12-01-2026 18:35,394.76,shopping_online,BENEF_0047,0.0
TX_000076,CUST_0068,12-01-2026 19:42,372.46,shopping_online,BENEF_0123,0.0
TX_000077,CUST_0012,12-01-2026 20:38,418.72,dining,BENEF_0222,0.0
TX_000078,CUST_0028,12-01-2026 22:08,365.45,dining,BENEF_0092,0.0
TX_000079,CUST_0033,12-01-2026 23:19,379.24,utilities,BENEF_0236,0.0
TX_000080,CUST_0004,13-01-2026 00:02,21.14,shopping_online,BENEF_0027,0.0
TX_000081,CUST_0057,13-01-2026 00:51,249.74,grocery_pos,BENEF_0129,0.0
TX_000082,CUST_0027,13-01-2026 01:13,131.85,utilities,BENEF_0223,0.0
TX_000083,CUST_0069,13-01-2026 01:59,68.66,dining,BENEF_0083,0.0
TX_000084,CUST_0098,13-01-2026 02:41,423.84,electronics,BENEF_0124,0.0
TX_000085,CUST_0054,13-01-2026 03:03,255.87,p2p_transfer,BENEF_0202,0.0
TX_000086,CUST_0094,13-01-2026 03:42,214.41,electronics,BENEF_0108,0.0
TX_000087,CUST_0072,13-01-2026 04:41,200.92,travel_flight,BENEF_0165,0.0
TX_000088,CUST_0027,13-01-2026 05:22,418.33,shopping_online,BENEF_0193,0.0
TX_000089,CUST_0017,13-01-2026 06:07,377.54,shopping_online,BENEF_0067,0.0
TX_000090,CUST_0098,13-01-2026 07:24,386.1,dining,BENEF_0162,0.0
TX_000091,CUST_0029,13-01-2026 08:38,112.67,utilities,BENEF_0105,0.0
TX_000092,CUST_0043,13-01-2026 09:23,269.76,shopping_online,BENEF_0027,0.0
TX_000093,CUST_0005,13-01-2026 10:04,300.75,utilities,BENEF_0089,0.0
TX_000094,CUST_0014,13-01-2026 11:10,295.15,travel_flight,BENEF_0116,0.0
TX_000095,CUST_0027,13-01-2026 12:17,17.51,travel_flight,BENEF_0152,0.0
TX_000096,CUST_0022,13-01-2026 13:39,164.62,shopping_online,BENEF_0190,0.0
TX_000097,CUST_0025,13-01-2026 14:45,2589.37,p2p_transfer,BENEF_SUSP_9955,1.0
TX_000098,CUST_0087,13-01-2026 15:45,156.81,shopping_online,BENEF_0033,0.0
TX_000099,CUST_0032,13-01-2026 17:08,52.02,shopping_online,BENEF_0099,0.0
TX_000100,CUST_0052,13-01-2026 17:59,333.33,utilities,BENEF_0021,0.0
TX_000101,CUST_0065,13-01-2026 18:33,158.01,utilities,BENEF_0080,0.0
TX_000102,CUST_0093,13-01-2026 19:02,335.21,electronics,BENEF_0176,0.0
TX_000103,CUST_0006,13-01-2026 19:38,105.83,p2p_transfer,BENEF_0218,0.0
TX_000104,CUST_0070,13-01-2026 20:22,319.66,travel_flight,BENEF_0061,0.0
TX_000105,CUST_0009,13-01-2026 21:02,434.16,utilities,BENEF_0213,0.0
TX_000106,CUST_0074,13-01-2026 22:20,17.49,dining,BENEF_0034,0.0
TX_000107,CUST_0015,13-01-2026 23:02,100.02,utilities,BENEF_0070,0.0
TX_000108,CUST_0049,14-01-2026 00:02,102.47,shopping_online,BENEF_0088,0.0
TX_000109,CUST_0030,14-01-2026 00:42,439.84,grocery_pos,BENEF_0015,0.0
TX_000110,CUST_0041,14-01-2026 00:57,89.78,travel_flight,BENEF_0050,0.0
TX_000111,CUST_0048,14-01-2026 02:02,287.28,shopping_online,BENEF_0022,0.0
TX_000112,CUST_0001,14-01-2026 02:28,443.25,utilities,BENEF_0146,0.0
TX_000113,CUST_0002,14-01-2026 02:43,278.15,p2p_transfer,BENEF_0041,0.0
TX_000114,CUST_0076,14-01-2026 03:05,436.16,p2p_transfer,BENEF_0043,0.0
TX_000115,CUST_0078,14-01-2026 04:20,80.44,travel_flight,BENEF_0036,0.0
TX_000116,CUST_0027,14-01-2026 04:40,358.8,dining,BENEF_0015,0.0
TX_000117,CUST_0033,14-01-2026 05:47,382.97,grocery_pos,BENEF_0177,0.0
TX_000118,CUST_0058,14-01-2026 06:40,246.1,grocery_pos,BENEF_0069,0.0
TX_000119,CUST_0060,14-01-2026 07:35,97.59,p2p_transfer,BENEF_0079,0.0
TX_000120,CUST_0068,14-01-2026 08:59,188.46,p2p_transfer,BENEF_0062,0.0
TX_000121,CUST_0035,14-01-2026 09:39,431.09,shopping_online,BENEF_0163,0.0
TX_000122,CUST_0083,14-01-2026 10:49,4411.62,electronics,BENEF_SUSP_9387,1.0
TX_000123,CUST_0030,14-01-2026 11:38,307.23,electronics,BENEF_0152,0.0
TX_000124,CUST_0079,14-01-2026 12:11,325.16,grocery_pos,BENEF_0007,0.0
TX_000125,CUST_0049,14-01-2026 12:55,293.46,electronics,BENEF_0141,0.0
TX_000126,CUST_0044,14-01-2026 13:20,223.81,grocery_pos,BENEF_0089,0.0
TX_000127,CUST_0083,14-01-2026 14:50,392.88,travel_flight,BENEF_0187,0.0
TX_000128,CUST_0008,14-01-2026 16:05,2757.31,electronics,BENEF_SUSP_9817,1.0
TX_000129,CUST_0030,14-01-2026 16:40,54.68,dining,BENEF_0175,0.0
TX_000130,CUST_0048,14-01-2026 16:58,313.47,utilities,BENEF_0082,0.0
TX_000131,CUST_0072,14-01-2026 17:28,170.75,shopping_online,BENEF_0150,0.0
TX_000132,CUST_0088,14-01-2026 18:44,34.72,electronics,BENEF_0001,0.0
TX_000133,CUST_0083,14-01-2026 19:56,251.72,p2p_transfer,BENEF_0060,0.0
TX_000134,CUST_0047,14-01-2026 20:35,409.58,travel_flight,BENEF_0076,0.0
TX_000135,CUST_0097,14-01-2026 21:01,3637.07,travel_flight,BENEF_SUSP_9785,1.0
TX_000136,CUST_0082,14-01-2026 22:19,94.71,utilities,BENEF_0105,0.0
TX_000137,CUST_0093,14-01-2026 23:41,174.59,electronics,BENEF_0242,0.0
TX_000138,CUST_0019,15-01-2026 00:41,183.41,dining,BENEF_0216,0.0
TX_000139,CUST_0073,15-01-2026 01:11,371.09,p2p_transfer,BENEF_0233,0.0
TX_000140,CUST_0012,15-01-2026 02:14,362.26,grocery_pos,BENEF_0237,0.0
TX_000141,CUST_0036,15-01-2026 03:26,384.24,grocery_pos,BENEF_0080,0.0
TX_000142,CUST_0035,15-01-2026 04:49,339.01,shopping_online,BENEF_0097,0.0
TX_000143,CUST_0031,15-01-2026 05:42,443.9,p2p_transfer,BENEF_0209,0.0
TX_000144,CUST_0060,15-01-2026 06:38,374.74,utilities,BENEF_0051,0.0
TX_000145,CUST_0056,15-01-2026 07:06,133.51,dining,BENEF_0082,0.0
TX_000146,CUST_0075,15-01-2026 07:51,227.62,dining,BENEF_0042,0.0
TX_000147,CUST_0022,15-01-2026 08:47,1778.61,electronics,BENEF_SUSP_9002,1.0
TX_000148,CUST_0060,15-01-2026 10:03,147.48,dining,BENEF_0176,0.0
TX_000149,CUST_0094,15-01-2026 10:35,153.12,shopping_online,BENEF_0044,0.0
TX_000150,CUST_0064,15-01-2026 10:50,158.2,dining,BENEF_0144,0.0
TX_000151,CUST_0041,15-01-2026 12:15,410.1,electronics,BENEF_0147,0.0
TX_000152,CUST_0018,15-01-2026 12:38,104.19,travel_flight,BENEF_0039,0.0
TX_000153,CUST_0022,15-01-2026 13:56,90.28,travel_flight,BENEF_0061,0.0
TX_000154,CUST_0048,15-01-2026 15:07,332.23,p2p_transfer,BENEF_0026,0.0
TX_000155,CUST_0017,15-01-2026 15:47,320.28,grocery_pos,BENEF_0145,0.0
TX_000156,CUST_0088,15-01-2026 16:54,15.45,grocery_pos,BENEF_0030,0.0
TX_000157,CUST_0064,15-01-2026 18:16,150.13,p2p_transfer,BENEF_0133,0.0
TX_000158,CUST_0058,15-01-2026 19:38,300.22,utilities,BENEF_0180,0.0
TX_000159,CUST_0085,15-01-2026 19:53,226.16,grocery_pos,BENEF_0081,0.0
TX_000160,CUST_0001,15-01-2026 20:18,153.61,p2p_transfer,BENEF_0169,0.0
TX_000161,CUST_0026,15-01-2026 21:01,27.55,grocery_pos,BENEF_0129,0.0
TX_000162,CUST_0034,15-01-2026 22:16,298.51,p2p_transfer,BENEF_0137,0.0
TX_000163,CUST_0014,15-01-2026 23:41,180.93,utilities,BENEF_0238,0.0
TX_000164,CUST_0008,16-01-2026 00:29,277.62,shopping_online,BENEF_0189,0.0
TX_000165,CUST_0100,16-01-2026 01:47,135.05,grocery_pos,BENEF_0189,0.0
TX_000166,CUST_0046,16-01-2026 02:52,399.81,grocery_pos,BENEF_0176,0.0
TX_000167,CUST_0049,16-01-2026 03:52,363.31,shopping_online,BENEF_0152,0.0
TX_000168,CUST_0079,16-01-2026 05:17,191.71,utilities,BENEF_0159,0.0
TX_000169,CUST_0083,16-01-2026 06:27,193.93,shopping_online,BENEF_0118,0.0
TX_000170,CUST_0079,16-01-2026 07:16,62.52,grocery_pos,BENEF_0247,0.0
TX_000171,CUST_0063,16-01-2026 08:36,211.66,shopping_online,BENEF_0080,0.0
TX_000172,CUST_0066,16-01-2026 09:08,180.39,shopping_online,BENEF_0129,0.0
TX_000173,CUST_0020,16-01-2026 09:37,317.85,dining,BENEF_0117,0.0
TX_000174,CUST_0096,16-01-2026 09:58,324.5,shopping_online,BENEF_0061,0.0
TX_000175,CUST_0013,16-01-2026 11:04,324.23,p2p_transfer,BENEF_0150,0.0
TX_000176,CUST_0056,16-01-2026 11:21,289.33,travel_flight,BENEF_0196,0.0
TX_000177,CUST_0034,16-01-2026 12:16,344.78,p2p_transfer,BENEF_0221,0.0
TX_000178,CUST_0046,16-01-2026 13:38,93.48,utilities,BENEF_0101,0.0
TX_000179,CUST_0019,16-01-2026 14:25,215.12,shopping_online,BENEF_0058,0.0
TX_000180,CUST_0054,16-01-2026 15:55,229.18,dining,BENEF_0198,0.0
TX_000181,CUST_0026,16-01-2026 16:38,398.8,electronics,BENEF_0174,0.0
TX_000182,CUST_0008,16-01-2026 17:21,320.46,grocery_pos,BENEF_0103,0.0
TX_000183,CUST_0075,16-01-2026 18:25,380.71,p2p_transfer,BENEF_0229,0.0
TX_000184,CUST_0009,16-01-2026 18:44,428.38,electronics,BENEF_0115,0.0
TX_000185,CUST_0006,16-01-2026 19:18,53.53,electronics,BENEF_0160,0.0
TX_000186,CUST_0013,16-01-2026 19:34,387.21,utilities,BENEF_0192,0.0
TX_000187,CUST_0053,16-01-2026 19:59,410.68,electronics,BENEF_0108,0.0
TX_000188,CUST_0015,16-01-2026 20:23,71.76,p2p_transfer,BENEF_0181,0.0
TX_000189,CUST_0071,16-01-2026 20:49,205.74,travel_flight,BENEF_0072,0.0
TX_000190,CUST_0060,16-01-2026 21:21,148.4,grocery_pos,BENEF_0125,0.0
TX_000191,CUST_0007,16-01-2026 22:01,91.72,electronics,BENEF_0002,0.0
TX_000192,CUST_0033,16-01-2026 22:19,412.62,utilities,BENEF_0149,0.0
TX_000193,CUST_0003,16-01-2026 23:19,171.62,shopping_online,BENEF_0082,0.0
TX_000194,CUST_0097,17-01-2026 00:30,377.67,electronics,BENEF_0067,0.0
TX_000195,CUST_0080,17-01-2026 01:27,422.63,grocery_pos,BENEF_0010,0.0
TX_000196,CUST_0036,17-01-2026 01:53,1567.79,grocery_pos,BENEF_SUSP_9104,1.0
TX_000197,CUST_0034,17-01-2026 03:08,268.96,dining,BENEF_0184,0.0
TX_000198,CUST_0045,17-01-2026 03:59,136.22,shopping_online,BENEF_0115,0.0
TX_000199,CUST_0047,17-01-2026 04:44,426.94,utilities,BENEF_0080,0.0
TX_000200,CUST_0051,17-01-2026 05:29,227.53,shopping_online,BENEF_0164,0.0
TX_000201,CUST_0034,17-01-2026 06:50,52.29,shopping_online,BENEF_0118,0.0
TX_000202,CUST_0079,17-01-2026 08:12,318.23,dining,BENEF_0037,0.0
TX_000203,CUST_0082,17-01-2026 08:58,133.68,travel_flight,BENEF_0234,0.0
TX_000204,CUST_0004,17-01-2026 10:01,274.77,travel_flight,BENEF_0024,0.0
TX_000205,CUST_0085,17-01-2026 11:15,143.37,grocery_pos,BENEF_0019,0.0
TX_000206,CUST_0083,17-01-2026 11:40,427.36,dining,BENEF_0013,0.0
TX_000207,CUST_0090,17-01-2026 12:25,418.89,dining,BENEF_0070,0.0
TX_000208,CUST_0056,17-01-2026 13:52,424.71,shopping_online,BENEF_0216,0.0
TX_000209,CUST_0088,17-01-2026 15:17,416.11,travel_flight,BENEF_0001,0.0
TX_000210,CUST_0033,17-01-2026 15:53,423.84,travel_flight,BENEF_0199,0.0
TX_000211,CUST_0026,17-01-2026 16:33,179.26,shopping_online,BENEF_0021,0.0
TX_000212,CUST_0023,17-01-2026 17:02,127.59,travel_flight,BENEF_0113,0.0
TX_000213,CUST_0084,17-01-2026 17:39,318.8,utilities,BENEF_0035,0.0
TX_000214,CUST_0094,17-01-2026 18:11,202.26,dining,BENEF_0020,0.0
TX_000215,CUST_0049,17-01-2026 19:16,102.07,p2p_transfer,BENEF_0016,0.0
TX_000216,CUST_0063,17-01-2026 20:38,146.54,dining,BENEF_0230,0.0
TX_000217,CUST_0023,17-01-2026 21:10,291.26,dining,BENEF_0019,0.0
TX_000218,CUST_0012,17-01-2026 21:29,436.04,utilities,BENEF_0003,0.0
TX_000219,CUST_0016,17-01-2026 22:04,431.48,dining,BENEF_0122,0.0
TX_000220,CUST_0047,17-01-2026 22:39,210.61,travel_flight,BENEF_0126,0.0
TX_000221,CUST_0031,17-01-2026 23:45,162.14,grocery_pos,BENEF_0221,0.0
TX_000222,CUST_0007,18-01-2026 01:00,20.66,utilities,BENEF_0209,0.0
TX_000223,CUST_0006,18-01-2026 02:14,327.07,shopping_online,BENEF_0045,0.0
TX_000224,CUST_0068,18-01-2026 03:17,16.87,p2p_transfer,BENEF_0035,0.0
TX_000225,CUST_0068,18-01-2026 04:40,216.36,travel_flight,BENEF_0090,0.0
TX_000226,CUST_0074,18-01-2026 05:52,210.45,travel_flight,BENEF_0135,0.0
TX_000227,CUST_0084,18-01-2026 07:12,36.36,electronics,BENEF_0116,0.0
TX_000228,CUST_0084,18-01-2026 08:21,351.76,p2p_transfer,BENEF_0068,0.0
TX_000229,CUST_0016,18-01-2026 09:44,106.29,shopping_online,BENEF_0227,0.0
TX_000230,CUST_0018,18-01-2026 10:45,33.07,shopping_online,BENEF_0079,0.0
TX_000231,CUST_0031,18-01-2026 11:57,24.33,electronics,BENEF_0048,0.0
TX_000232,CUST_0022,18-01-2026 12:28,337.67,dining,BENEF_0182,0.0
TX_000233,CUST_0063,18-01-2026 13:43,119.06,shopping_online,BENEF_0156,0.0
TX_000234,CUST_0048,18-01-2026 14:27,199.37,dining,BENEF_0188,0.0
TX_000235,CUST_0007,18-01-2026 15:04,437.25,utilities,BENEF_0206,0.0
TX_000236,CUST_0013,18-01-2026 15:31,374.78,p2p_transfer,BENEF_0055,0.0
TX_000237,CUST_0030,18-01-2026 16:39,161.81,grocery_pos,BENEF_0194,0.0
TX_000238,CUST_0004,18-01-2026 16:55,209.57,travel_flight,BENEF_0202,0.0
TX_000239,CUST_0043,18-01-2026 17:58,413.6,travel_flight,BENEF_0136,0.0
TX_000240,CUST_0037,18-01-2026 18:13,359.91,travel_flight,BENEF_0054,0.0
TX_000241,CUST_0002,18-01-2026 18:28,327.29,electronics,BENEF_0157,0.0
TX_000242,CUST_0043,18-01-2026 19:17,188.68,electronics,BENEF_0240,0.0
TX_000243,CUST_0099,18-01-2026 19:45,345.95,utilities,BENEF_0020,0.0
TX_000244,CUST_0006,18-01-2026 20:21,248.72,p2p_transfer,BENEF_0103,0.0
TX_000245,CUST_0060,18-01-2026 20:53,155.28,utilities,BENEF_0106,0.0
TX_000246,CUST_0078,18-01-2026 21:33,83.96,p2p_transfer,BENEF_0190,0.0
TX_000247,CUST_0067,18-01-2026 22:01,133.2,electronics,BENEF_0053,0.0
TX_000248,CUST_0047,18-01-2026 23:28,338.4,shopping_online,BENEF_0011,0.0
TX_000249,CUST_0014,19-01-2026 00:14,223.86,p2p_transfer,BENEF_0090,0.0
TX_000250,CUST_0044,19-01-2026 01:35,96.13,electronics,BENEF_0236,0.0
TX_000251,CUST_0088,19-01-2026 02:23,282.49,shopping_online,BENEF_0210,0.0
TX_000252,CUST_0040,19-01-2026 03:42,220.16,electronics,BENEF_0134,0.0
TX_000253,CUST_0055,19-01-2026 04:56,60.24,travel_flight,BENEF_0025,0.0
TX_000254,CUST_0080,19-01-2026 05:54,289.49,shopping_online,BENEF_0009,0.0
TX_000255,CUST_0100,19-01-2026 07:11,198.78,electronics,BENEF_0057,0.0
TX_000256,CUST_0024,19-01-2026 08:13,267.22,electronics,BENEF_0248,0.0
TX_000257,CUST_0085,19-01-2026 09:20,337.52,grocery_pos,BENEF_0142,0.0
TX_000258,CUST_0063,19-01-2026 09:38,356.28,dining,BENEF_0214,0.0
TX_000259,CUST_0052,19-01-2026 10:28,310.73,p2p_transfer,BENEF_0239,0.0
TX_000260,CUST_0073,19-01-2026 11:40,152.6,grocery_pos,BENEF_0166,0.0
TX_000261,CUST_0068,19-01-2026 12:55,99.82,utilities,BENEF_0147,0.0
TX_000262,CUST_0026,19-01-2026 13:39,443.11,p2p_transfer,BENEF_0102,0.0
TX_000263,CUST_0085,19-01-2026 13:56,49.07,shopping_online,BENEF_0041,0.0
TX_000264,CUST_0025,19-01-2026 14:35,220.38,dining,BENEF_0233,0.0
TX_000265,CUST_0052,19-01-2026 14:52,373.84,grocery_pos,BENEF_0200,0.0
TX_000266,CUST_0094,19-01-2026 16:11,70.19,utilities,BENEF_0090,0.0
TX_000267,CUST_0093,19-01-2026 16:53,340.79,utilities,BENEF_0221,0.0
TX_000268,CUST_0078,19-01-2026 18:21,347.04,dining,BENEF_0065,0.0
TX_000269,CUST_0035,19-01-2026 19:02,2689.79,travel_flight,BENEF_SUSP_9490,1.0
TX_000270,CUST_0082,19-01-2026 20:05,59.07,grocery_pos,BENEF_0008,0.0
TX_000271,CUST_0042,19-01-2026 20:45,146.13,shopping_online,BENEF_0029,0.0
TX_000272,CUST_0009,19-01-2026 21:37,127.94,p2p_transfer,BENEF_0055,0.0
TX_000273,CUST_0014,19-01-2026 22:00,268.7,utilities,BENEF_0091,0.0
TX_000274,CUST_0035,19-01-2026 22:26,224.15,electronics,BENEF_0197,0.0
TX_000275,CUST_0098,19-01-2026 23:34,382.77,utilities,BENEF_0079,0.0
TX_000276,CUST_0076,20-01-2026 00:43,400.87,utilities,BENEF_0231,0.0
TX_000277,CUST_0009,20-01-2026 01:36,175.36,shopping_online,BENEF_0206,0.0
TX_000278,CUST_0056,20-01-2026 02:11,166.53,p2p_transfer,BENEF_0198,0.0
TX_000279,CUST_0058,20-01-2026 03:11,130.78,utilities,BENEF_0107,0.0
TX_000280,CUST_0044,20-01-2026 04:24,294.43,utilities,BENEF_0212,0.0
TX_000281,CUST_0064,20-01-2026 05:00,90.0,utilities,BENEF_0131,0.0
TX_000282,CUST_0090,20-01-2026 06:16,420.53,travel_flight,BENEF_0179,0.0
TX_000283,CUST_0040,20-01-2026 06:46,438.47,grocery_pos,BENEF_0143,0.0
TX_000284,CUST_0091,20-01-2026 07:19,257.47,shopping_online,BENEF_0034,0.0
TX_000285,CUST_0023,20-01-2026 07:58,342.67,electronics,BENEF_0249,0.0
TX_000286,CUST_0081,20-01-2026 09:28,422.99,grocery_pos,BENEF_0131,0.0
TX_000287,CUST_0077,20-01-2026 10:33,275.31,travel_flight,BENEF_0103,0.0
TX_000288,CUST_0041,20-01-2026 11:44,274.37,travel_flight,BENEF_0228,0.0
TX_000289,CUST_0030,20-01-2026 12:12,104.03,shopping_online,BENEF_0057,0.0
TX_000290,CUST_0058,20-01-2026 12:56,107.42,p2p_transfer,BENEF_0045,0.0
TX_000291,CUST_0013,20-01-2026 13:46,315.46,electronics,BENEF_0234,0.0
TX_000292,CUST_0046,20-01-2026 14:10,94.33,utilities,BENEF_0235,0.0
TX_000293,CUST_0096,20-01-2026 15:38,2694.78,p2p_transfer,BENEF_SUSP_9527,1.0
TX_000294,CUST_0024,20-01-2026 16:53,16.24,utilities,BENEF_0178,0.0
TX_000295,CUST_0093,20-01-2026 17:35,107.29,grocery_pos,BENEF_0209,0.0
TX_000296,CUST_0088,20-01-2026 18:47,229.67,travel_flight,BENEF_0160,0.0
TX_000297,CUST_0037,20-01-2026 20:04,337.01,p2p_transfer,BENEF_0044,0.0
TX_000298,CUST_0040,20-01-2026 20:56,190.48,p2p_transfer,BENEF_0145,0.0
TX_000299,CUST_0092,20-01-2026 21:58,46.85,p2p_transfer,BENEF_0084,0.0
TX_000300,CUST_0023,20-01-2026 22:15,2312.33,p2p_transfer,BENEF_SUSP_9524,1.0
TX_000301,CUST_0009,20-01-2026 23:17,269.2,shopping_online,BENEF_0111,0.0
TX_000302,CUST_0022,20-01-2026 23:59,416.99,grocery_pos,BENEF_0214,0.0
TX_000303,CUST_0026,21-01-2026 00:15,43.45,p2p_transfer,BENEF_0078,0.0
TX_000304,CUST_0053,21-01-2026 01:24,422.48,utilities,BENEF_0016,0.0
TX_000305,CUST_0099,21-01-2026 02:03,123.22,grocery_pos,BENEF_0106,0.0
TX_000306,CUST_0076,21-01-2026 02:19,24.68,dining,BENEF_0079,0.0
TX_000307,CUST_0026,21-01-2026 03:25,214.08,grocery_pos,BENEF_0100,0.0
TX_000308,CUST_0052,21-01-2026 04:31,244.36,grocery_pos,BENEF_0217,0.0
TX_000309,CUST_0083,21-01-2026 05:46,125.88,utilities,BENEF_0199,0.0
TX_000310,CUST_0070,21-01-2026 06:53,282.19,p2p_transfer,BENEF_0139,0.0
TX_000311,CUST_0086,21-01-2026 07:53,377.15,electronics,BENEF_0242,0.0
TX_000312,CUST_0027,21-01-2026 08:44,384.02,shopping_online,BENEF_0107,0.0
TX_000313,CUST_0042,21-01-2026 09:38,431.58,p2p_transfer,BENEF_0102,0.0
TX_000314,CUST_0093,21-01-2026 10:01,155.29,p2p_transfer,BENEF_0072,0.0
TX_000315,CUST_0060,21-01-2026 11:03,56.84,p2p_transfer,BENEF_0069,0.0
TX_000316,CUST_0014,21-01-2026 11:47,261.26,grocery_pos,BENEF_0035,0.0
TX_000317,CUST_0092,21-01-2026 12:10,214.21,utilities,BENEF_0228,0.0
TX_000318,CUST_0030,21-01-2026 12:51,322.89,grocery_pos,BENEF_0167,0.0
TX_000319,CUST_0047,21-01-2026 13:12,126.19,p2p_transfer,BENEF_0106,0.0
TX_000320,CUST_0077,21-01-2026 14:04,109.7,travel_flight,BENEF_0046,0.0
TX_000321,CUST_0025,21-01-2026 14:23,294.34,shopping_online,BENEF_0185,0.0
TX_000322,CUST_0004,21-01-2026 15:36,208.74,grocery_pos,BENEF_0102,0.0
TX_000323,CUST_0092,21-01-2026 17:02,393.66,electronics,BENEF_0186,0.0
TX_000324,CUST_0087,21-01-2026 18:12,270.07,travel_flight,BENEF_0082,0.0
TX_000325,CUST_0040,21-01-2026 18:27,260.03,utilities,BENEF_0047,0.0
TX_000326,CUST_0060,21-01-2026 19:07,94.74,travel_flight,BENEF_0193,0.0
TX_000327,CUST_0031,21-01-2026 20:19,333.85,p2p_transfer,BENEF_0148,0.0
TX_000328,CUST_0029,21-01-2026 21:03,340.89,p2p_transfer,BENEF_0179,0.0
TX_000329,CUST_0067,21-01-2026 21:51,92.93,p2p_transfer,BENEF_0042,0.0
TX_000330,CUST_0029,21-01-2026 23:17,258.46,travel_flight,BENEF_0190,0.0
TX_000331,CUST_0072,21-01-2026 23:45,357.55,travel_flight,BENEF_0147,0.0
TX_000332,CUST_0099,22-01-2026 00:14,259.34,electronics,BENEF_0199,0.0
TX_000333,CUST_0023,22-01-2026 00:31,123.6,travel_flight,BENEF_0192,0.0
TX_000334,CUST_0029,22-01-2026 01:03,232.26,utilities,BENEF_0234,0.0
TX_000335,CUST_0034,22-01-2026 01:40,239.58,travel_flight,BENEF_0114,0.0
TX_000336,CUST_0047,22-01-2026 02:21,395.22,electronics,BENEF_0014,0.0
TX_000337,CUST_0015,22-01-2026 03:22,45.77,travel_flight,BENEF_0191,0.0
TX_000338,CUST_0060,22-01-2026 04:37,71.0,utilities,BENEF_0237,0.0
TX_000339,CUST_0063,22-01-2026 05:48,400.29,electronics,BENEF_0043,0.0
TX_000340,CUST_0080,22-01-2026 06:34,67.33,grocery_pos,BENEF_0111,0.0
TX_000341,CUST_0008,22-01-2026 08:02,105.25,travel_flight,BENEF_0044,0.0
TX_000342,CUST_0014,22-01-2026 08:38,305.2,dining,BENEF_0206,0.0
TX_000343,CUST_0009,22-01-2026 09:04,93.2,utilities,BENEF_0141,0.0
TX_000344,CUST_0054,22-01-2026 09:42,72.89,shopping_online,BENEF_0052,0.0
TX_000345,CUST_0004,22-01-2026 10:21,256.7,dining,BENEF_0236,0.0
TX_000346,CUST_0100,22-01-2026 10:52,212.32,shopping_online,BENEF_0237,0.0
TX_000347,CUST_0070,22-01-2026 11:53,382.71,electronics,BENEF_0082,0.0
TX_000348,CUST_0065,22-01-2026 13:08,320.01,electronics,BENEF_0220,0.0
TX_000349,CUST_0037,22-01-2026 14:14,41.06,utilities,BENEF_0134,0.0
TX_000350,CUST_0050,22-01-2026 14:37,339.78,utilities,BENEF_0044,0.0
TX_000351,CUST_0034,22-01-2026 15:29,168.0,travel_flight,BENEF_0156,0.0
TX_000352,CUST_0024,22-01-2026 16:39,47.54,electronics,BENEF_0077,0.0
TX_000353,CUST_0014,22-01-2026 17:23,23.93,p2p_transfer,BENEF_0201,0.0
TX_000354,CUST_0029,22-01-2026 18:52,61.11,electronics,BENEF_0054,0.0
TX_000355,CUST_0043,22-01-2026 19:40,399.27,grocery_pos,BENEF_0018,0.0
TX_000356,CUST_0040,22-01-2026 20:11,312.03,p2p_transfer,BENEF_0067,0.0
TX_000357,CUST_0076,22-01-2026 21:11,369.66,utilities,BENEF_0149,0.0
TX_000358,CUST_0016,22-01-2026 22:37,367.22,shopping_online,BENEF_0013,0.0
TX_000359,CUST_0039,22-01-2026 23:17,45.73,travel_flight,BENEF_0234,0.0
TX_000360,CUST_0071,23-01-2026 00:41,412.15,electronics,BENEF_0172,0.0
TX_000361,CUST_0006,23-01-2026 01:32,122.63,dining,BENEF_0108,0.0
TX_000362,CUST_0065,23-01-2026 02:13,336.97,shopping_online,BENEF_0046,0.0
TX_000363,CUST_0066,23-01-2026 03:06,264.32,grocery_pos,BENEF_0109,0.0
TX_000364,CUST_0013,23-01-2026 04:11,258.52,dining,BENEF_0191,0.0
TX_000365,CUST_0044,23-01-2026 05:16,411.79,grocery_pos,BENEF_0173,0.0
TX_000366,CUST_0003,23-01-2026 06:16,194.8,utilities,BENEF_0195,0.0
TX_000367,CUST_0092,23-01-2026 06:39,36.87,electronics,BENEF_0183,0.0
TX_000368,CUST_0040,23-01-2026 07:01,354.76,utilities,BENEF_0127,0.0
TX_000369,CUST_0027,23-01-2026 07:22,35.0,shopping_online,BENEF_0012,0.0
TX_000370,CUST_0070,23-01-2026 08:20,171.04,dining,BENEF_0081,0.0
TX_000371,CUST_0002,23-01-2026 09:07,154.26,electronics,BENEF_0172,0.0
TX_000372,CUST_0034,23-01-2026 09:52,3324.07,p2p_transfer,BENEF_SUSP_9197,1.0
TX_000373,CUST_0093,23-01-2026 10:25,335.52,grocery_pos,BENEF_0239,0.0
TX_000374,CUST_0020,23-01-2026 11:52,160.83,utilities,BENEF_0211,0.0
TX_000375,CUST_0059,23-01-2026 12:54,103.57,travel_flight,BENEF_0074,0.0
TX_000376,CUST_0020,23-01-2026 14:06,184.98,electronics,BENEF_0050,0.0
TX_000377,CUST_0071,23-01-2026 15:22,101.55,dining,BENEF_0211,0.0
TX_000378,CUST_0062,23-01-2026 16:37,341.95,utilities,BENEF_0118,0.0
TX_000379,CUST_0086,23-01-2026 17:47,427.83,travel_flight,BENEF_0154,0.0
TX_000380,CUST_0018,23-01-2026 18:55,107.11,travel_flight,BENEF_0202,0.0
TX_000381,CUST_0027,23-01-2026 19:23,255.05,p2p_transfer,BENEF_0242,0.0
TX_000382,CUST_0078,23-01-2026 20:11,418.51,shopping_online,BENEF_0142,0.0
TX_000383,CUST_0044,23-01-2026 20:27,197.74,shopping_online,BENEF_0194,0.0
TX_000384,CUST_0062,23-01-2026 21:38,344.82,electronics,BENEF_0028,0.0
TX_000385,CUST_0063,23-01-2026 21:56,411.48,grocery_pos,BENEF_0157,0.0
TX_000386,CUST_0044,23-01-2026 22:41,258.97,utilities,BENEF_0203,0.0
TX_000387,CUST_0007,23-01-2026 22:56,335.79,p2p_transfer,BENEF_0211,0.0
TX_000388,CUST_0075,23-01-2026 23:19,203.32,electronics,BENEF_0230,0.0
TX_000389,CUST_0048,24-01-2026 00:12,369.22,shopping_online,BENEF_0136,0.0
TX_000390,CUST_0038,24-01-2026 00:56,387.51,electronics,BENEF_0024,0.0
TX_000391,CUST_0020,24-01-2026 01:22,315.1,travel_flight,BENEF_0021,0.0
TX_000392,CUST_0012,24-01-2026 01:51,77.02,shopping_online,BENEF_0020,0.0
TX_000393,CUST_0053,24-01-2026 03:06,420.29,electronics,BENEF_0009,0.0
TX_000394,CUST_0074,24-01-2026 03:32,350.0,utilities,BENEF_0081,0.0
TX_000395,CUST_0014,24-01-2026 04:35,330.14,grocery_pos,BENEF_0187,0.0
TX_000396,CUST_0016,24-01-2026 04:57,3153.69,electronics,BENEF_SUSP_9285,1.0
TX_000397,CUST_0100,24-01-2026 06:13,412.42,dining,BENEF_0116,0.0
TX_000398,CUST_0044,24-01-2026 07:34,227.39,grocery_pos,BENEF_0232,0.0
TX_000399,CUST_0063,24-01-2026 09:02,362.23,grocery_pos,BENEF_0020,0.0
TX_000400,CUST_0012,24-01-2026 10:24,96.83,electronics,BENEF_0004,0.0
TX_000401,CUST_0076,24-01-2026 11:50,239.47,grocery_pos,BENEF_0120,0.0
TX_000402,CUST_0022,24-01-2026 12:20,236.82,travel_flight,BENEF_0030,0.0
TX_000403,CUST_0006,24-01-2026 13:06,31.51,p2p_transfer,BENEF_0037,0.0
TX_000404,CUST_0041,24-01-2026 14:03,289.52,p2p_transfer,BENEF_0003,0.0
TX_000405,CUST_0048,24-01-2026 15:15,418.66,p2p_transfer,BENEF_0024,0.0
TX_000406,CUST_0086,24-01-2026 16:12,172.22,p2p_transfer,BENEF_0130,0.0
TX_000407,CUST_0017,24-01-2026 16:57,164.73,dining,BENEF_0069,0.0
TX_000408,CUST_0027,24-01-2026 18:11,270.87,dining,BENEF_0087,0.0
TX_000409,CUST_0047,24-01-2026 18:50,25.69,dining,BENEF_0222,0.0
TX_000410,CUST_0072,24-01-2026 19:13,296.25,dining,BENEF_0235,0.0
TX_000411,CUST_0046,24-01-2026 20:42,153.31,dining,BENEF_0082,0.0
TX_000412,CUST_0062,24-01-2026 21:00,370.58,electronics,BENEF_0097,0.0
TX_000413,CUST_0096,24-01-2026 21:29,271.26,electronics,BENEF_0236,0.0
TX_000414,CUST_0063,24-01-2026 22:28,54.11,electronics,BENEF_0098,0.0
TX_000415,CUST_0081,24-01-2026 23:26,369.27,shopping_online,BENEF_0177,0.0
TX_000416,CUST_0040,25-01-2026 00:36,283.63,electronics,BENEF_0115,0.0
TX_000417,CUST_0044,25-01-2026 01:24,242.79,shopping_online,BENEF_0171,0.0
TX_000418,CUST_0060,25-01-2026 02:50,264.92,electronics,BENEF_0233,0.0
TX_000419,CUST_0078,25-01-2026 03:21,366.06,grocery_pos,BENEF_0166,0.0
TX_000420,CUST_0023,25-01-2026 03:44,368.46,dining,BENEF_0063,0.0
TX_000421,CUST_0096,25-01-2026 04:35,1243.26,dining,BENEF_SUSP_9726,1.0
TX_000422,CUST_0010,25-01-2026 04:53,15.78,p2p_transfer,BENEF_0031,0.0
TX_000423,CUST_0099,25-01-2026 05:23,55.85,grocery_pos,BENEF_0202,0.0
TX_000424,CUST_0017,25-01-2026 06:16,279.77,electronics,BENEF_0045,0.0
TX_000425,CUST_0097,25-01-2026 07:04,112.26,electronics,BENEF_0246,0.0
TX_000426,CUST_0026,25-01-2026 07:40,180.55,shopping_online,BENEF_0124,0.0
TX_000427,CUST_0034,25-01-2026 08:52,279.73,electronics,BENEF_0210,0.0
TX_000428,CUST_0081,25-01-2026 10:09,186.59,utilities,BENEF_0015,0.0
TX_000429,CUST_0032,25-01-2026 10:27,239.62,dining,BENEF_0218,0.0
TX_000430,CUST_0070,25-01-2026 11:42,271.34,electronics,BENEF_0191,0.0
TX_000431,CUST_0027,25-01-2026 12:22,1897.52,electronics,BENEF_SUSP_9893,1.0
TX_000432,CUST_0082,25-01-2026 13:19,220.46,dining,BENEF_0200,0.0
TX_000433,CUST_0078,25-01-2026 13:57,294.64,p2p_transfer,BENEF_0247,0.0
TX_000434,CUST_0055,25-01-2026 15:22,315.84,p2p_transfer,BENEF_0002,0.0
TX_000435,CUST_0085,25-01-2026 16:16,88.19,dining,BENEF_0165,0.0
TX_000436,CUST_0060,25-01-2026 17:12,38.18,shopping_online,BENEF_0237,0.0
TX_000437,CUST_0004,25-01-2026 17:41,443.5,dining,BENEF_0120,0.0
TX_000438,CUST_0047,25-01-2026 18:44,177.75,p2p_transfer,BENEF_0162,0.0
TX_000439,CUST_0008,25-01-2026 20:12,63.94,electronics,BENEF_0093,0.0
TX_000440,CUST_0020,25-01-2026 21:31,129.62,electronics,BENEF_0118,0.0
TX_000441,CUST_0076,25-01-2026 22:14,36.23,utilities,BENEF_0226,0.0
TX_000442,CUST_0027,25-01-2026 22:29,293.41,p2p_transfer,BENEF_0081,0.0
TX_000443,CUST_0070,25-01-2026 23:55,225.07,travel_flight,BENEF_0054,0.0
TX_000444,CUST_0084,26-01-2026 00:10,134.89,shopping_online,BENEF_0101,0.0
TX_000445,CUST_0061,26-01-2026 00:45,406.27,electronics,BENEF_0086,0.0
TX_000446,CUST_0058,26-01-2026 01:32,390.34,shopping_online,BENEF_0007,0.0
TX_000447,CUST_0048,26-01-2026 01:52,322.35,shopping_online,BENEF_0156,0.0
TX_000448,CUST_0064,26-01-2026 02:43,280.03,p2p_transfer,BENEF_0173,0.0
TX_000449,CUST_0093,26-01-2026 03:03,109.07,electronics,BENEF_0118,0.0
TX_000450,CUST_0055,26-01-2026 03:59,394.89,shopping_online,BENEF_0241,0.0
TX_000451,CUST_0046,26-01-2026 05:00,318.7,electronics,BENEF_0132,0.0
TX_000452,CUST_0051,26-01-2026 05:28,103.86,p2p_transfer,BENEF_0146,0.0
TX_000453,CUST_0086,26-01-2026 06:10,67.14,travel_flight,BENEF_0136,0.0
TX_000454,CUST_0049,26-01-2026 07:12,67.89,grocery_pos,BENEF_0052,0.0
TX_000455,CUST_0028,26-01-2026 08:18,165.03,dining,BENEF_0105,0.0
TX_000456,CUST_0069,26-01-2026 08:42,265.17,electronics,BENEF_0064,0.0
TX_000457,CUST_0098,26-01-2026 09:48,177.99,p2p_transfer,BENEF_0083,0.0
TX_000458,CUST_0080,26-01-2026 10:19,128.08,dining,BENEF_0214,0.0
TX_000459,CUST_0067,26-01-2026 10:59,273.95,dining,BENEF_0126,0.0
TX_000460,CUST_0086,26-01-2026 11:55,185.34,travel_flight,BENEF_0117,0.0
TX_000461,CUST_0018,26-01-2026 13:25,234.15,dining,BENEF_0170,0.0
TX_000462,CUST_0087,26-01-2026 14:28,37.24,travel_flight,BENEF_0119,0.0
TX_000463,CUST_0050,26-01-2026 15:38,237.58,shopping_online,BENEF_0058,0.0
TX_000464,CUST_0078,26-01-2026 16:06,122.85,utilities,BENEF_0020,0.0
TX_000465,CUST_0003,26-01-2026 17:10,334.42,travel_flight,BENEF_0118,0.0
TX_000466,CUST_0056,26-01-2026 17:53,343.02,shopping_online,BENEF_0224,0.0
TX_000467,CUST_0046,26-01-2026 18:47,50.61,p2p_transfer,BENEF_0043,0.0
TX_000468,CUST_0013,26-01-2026 19:12,329.72,p2p_transfer,BENEF_0237,0.0
TX_000469,CUST_0005,26-01-2026 20:12,328.97,dining,BENEF_0188,0.0
TX_000470,CUST_0039,26-01-2026 21:20,305.41,shopping_online,BENEF_0090,0.0
TX_000471,CUST_0034,26-01-2026 22:32,109.89,travel_flight,BENEF_0091,0.0
TX_000472,CUST_0066,26-01-2026 23:11,172.61,shopping_online,BENEF_0069,0.0
TX_000473,CUST_0004,26-01-2026 23:51,777.94,travel_flight,BENEF_SUSP_9786,1.0
TX_000474,CUST_0034,27-01-2026 01:05,150.43,electronics,BENEF_0225,0.0
TX_000475,CUST_0068,27-01-2026 02:31,51.98,travel_flight,BENEF_0087,0.0
TX_000476,CUST_0009,27-01-2026 03:17,238.97,electronics,BENEF_0005,0.0
TX_000477,CUST_0049,27-01-2026 04:01,248.76,p2p_transfer,BENEF_0026,0.0
TX_000478,CUST_0071,27-01-2026 05:14,3802.14,dining,BENEF_SUSP_9468,1.0
TX_000479,CUST_0095,27-01-2026 06:43,397.78,dining,BENEF_0239,0.0
TX_000480,CUST_0078,27-01-2026 07:25,58.39,shopping_online,BENEF_0185,0.0
TX_000481,CUST_0046,27-01-2026 08:17,328.73,shopping_online,BENEF_0014,0.0
TX_000482,CUST_0067,27-01-2026 08:36,367.54,electronics,BENEF_0084,0.0
TX_000483,CUST_0059,27-01-2026 08:59,391.58,grocery_pos,BENEF_0145,0.0
TX_000484,CUST_0041,27-01-2026 10:25,185.34,utilities,BENEF_0204,0.0
TX_000485,CUST_0005,27-01-2026 11:43,124.24,travel_flight,BENEF_0033,0.0
TX_000486,CUST_0002,27-01-2026 13:09,110.78,grocery_pos,BENEF_0140,0.0
TX_000487,CUST_0053,27-01-2026 14:19,325.51,electronics,BENEF_0058,0.0
TX_000488,CUST_0001,27-01-2026 15:21,84.66,dining,BENEF_0091,0.0
TX_000489,CUST_0084,27-01-2026 16:13,182.7,utilities,BENEF_0099,0.0
TX_000490,CUST_0096,27-01-2026 16:31,424.61,dining,BENEF_0095,0.0
TX_000491,CUST_0037,27-01-2026 17:57,226.7,p2p_transfer,BENEF_0202,0.0
TX_000492,CUST_0088,27-01-2026 19:15,196.65,electronics,BENEF_0217,0.0
TX_000493,CUST_0083,27-01-2026 20:24,3862.87,electronics,BENEF_SUSP_9878,1.0
TX_000494,CUST_0099,27-01-2026 20:58,276.72,utilities,BENEF_0094,0.0
TX_000495,CUST_0086,27-01-2026 21:17,38.19,p2p_transfer,BENEF_0108,0.0
TX_000496,CUST_0048,27-01-2026 22:16,64.32,electronics,BENEF_0209,0.0
TX_000497,CUST_0046,27-01-2026 23:42,2637.79,grocery_pos,BENEF_SUSP_9506,1.0
TX_000498,CUST_0055,28-01-2026 00:48,16.3,p2p_transfer,BENEF_0010,0.0
TX_000499,CUST_0086,28-01-2026 02:06,231.04,p2p_transfer,BENEF_0204,0.0
TX_000500,CUST_0017,28-01-2026 03:12,407.72,shopping_online,BENEF_0157,0.0
TX_000501,CUST_0033,28-01-2026 04:26,239.92,p2p_transfer,BENEF_0117,0.0
TX_000502,CUST_0062,28-01-2026 05:02,335.03,p2p_transfer,BENEF_0174,0.0
TX_000503,CUST_0022,28-01-2026 06:28,272.98,utilities,BENEF_0074,0.0
TX_000504,CUST_0069,28-01-2026 06:51,193.57,p2p_transfer,BENEF_0089,0.0
TX_000505,CUST_0090,28-01-2026 07:48,97.14,utilities,BENEF_0066,0.0
TX_000506,CUST_0078,28-01-2026 08:22,66.83,shopping_online,BENEF_0138,0.0
TX_000507,CUST_0019,28-01-2026 09:37,277.21,electronics,BENEF_0195,0.0
TX_000508,CUST_0013,28-01-2026 10:27,206.07,utilities,BENEF_0016,0.0
TX_000509,CUST_0051,28-01-2026 11:33,96.41,grocery_pos,BENEF_0202,0.0
TX_000510,CUST_0013,28-01-2026 12:25,128.87,travel_flight,BENEF_0067,0.0
TX_000511,CUST_0060,28-01-2026 13:47,253.72,utilities,BENEF_0021,0.0
TX_000512,CUST_0076,28-01-2026 14:58,381.95,dining,BENEF_0035,0.0
TX_000513,CUST_0062,28-01-2026 16:05,364.02,dining,BENEF_0140,0.0
TX_000514,CUST_0039,28-01-2026 17:11,18.1,shopping_online,BENEF_0199,0.0
TX_000515,CUST_0076,28-01-2026 18:18,80.42,shopping_online,BENEF_0078,0.0
TX_000516,CUST_0023,28-01-2026 19:41,113.15,shopping_online,BENEF_0219,0.0
TX_000517,CUST_0082,28-01-2026 21:00,238.72,dining,BENEF_0051,0.0
TX_000518,CUST_0067,28-01-2026 22:13,20.74,utilities,BENEF_0056,0.0
TX_000519,CUST_0047,28-01-2026 22:53,310.96,electronics,BENEF_0126,0.0
TX_000520,CUST_0093,28-01-2026 23:58,169.01,utilities,BENEF_0014,0.0
TX_000521,CUST_0088,29-01-2026 01:28,345.03,grocery_pos,BENEF_0183,0.0
TX_000522,CUST_0089,29-01-2026 02:45,148.64,dining,BENEF_0037,0.0
TX_000523,CUST_0083,29-01-2026 04:14,444.27,utilities,BENEF_0075,0.0
TX_000524,CUST_0018,29-01-2026 04:46,425.58,travel_flight,BENEF_0102,0.0
TX_000525,CUST_0054,29-01-2026 05:11,69.57,dining,BENEF_0095,0.0
TX_000526,CUST_0057,29-01-2026 05:36,298.47,travel_flight,BENEF_0031,0.0
TX_000527,CUST_0054,29-01-2026 07:03,320.12,shopping_online,BENEF_0066,0.0
TX_000528,CUST_0035,29-01-2026 07:36,167.44,p2p_transfer,BENEF_0073,0.0
TX_000529,CUST_0029,29-01-2026 08:04,93.19,travel_flight,BENEF_0039,0.0
TX_000530,CUST_0029,29-01-2026 08:32,329.3,dining,BENEF_0124,0.0
TX_000531,CUST_0024,29-01-2026 09:15,146.25,dining,BENEF_0199,0.0
TX_000532,CUST_0061,29-01-2026 10:43,49.22,p2p_transfer,BENEF_0108,0.0
TX_000533,CUST_0027,29-01-2026 11:06,367.02,dining,BENEF_0089,0.0
TX_000534,CUST_0038,29-01-2026 12:07,439.66,dining,BENEF_0105,0.0
TX_000535,CUST_0007,29-01-2026 12:43,399.94,utilities,BENEF_0118,0.0
TX_000536,CUST_0084,29-01-2026 13:29,212.96,travel_flight,BENEF_0014,0.0
TX_000537,CUST_0092,29-01-2026 14:32,95.77,electronics,BENEF_0106,0.0
TX_000538,CUST_0048,29-01-2026 14:48,261.43,p2p_transfer,BENEF_0235,0.0
TX_000539,CUST_0084,29-01-2026 16:03,34.64,p2p_transfer,BENEF_0056,0.0
TX_000540,CUST_0096,29-01-2026 17:12,231.97,travel_flight,BENEF_0157,0.0
TX_000541,CUST_0062,29-01-2026 18:25,42.86,shopping_online,BENEF_0236,0.0
TX_000542,CUST_0061,29-01-2026 19:00,416.71,travel_flight,BENEF_0208,0.0
TX_000543,CUST_0043,29-01-2026 19:35,331.12,travel_flight,BENEF_0060,0.0
TX_000544,CUST_0006,29-01-2026 20:48,195.13,p2p_transfer,BENEF_0017,0.0
TX_000545,CUST_0067,29-01-2026 21:49,96.08,electronics,BENEF_0179,0.0
TX_000546,CUST_0022,29-01-2026 22:19,153.36,p2p_transfer,BENEF_0026,0.0
TX_000547,CUST_0036,29-01-2026 22:54,91.91,p2p_transfer,BENEF_0071,0.0
TX_000548,CUST_0047,30-01-2026 00:04,407.88,electronics,BENEF_0239,0.0
TX_000549,CUST_0064,30-01-2026 01:16,77.2,electronics,BENEF_0146,0.0
TX_000550,CUST_0021,30-01-2026 02:03,1323.78,p2p_transfer,BENEF_SUSP_9725,1.0
TX_000551,CUST_0029,30-01-2026 03:14,417.09,dining,BENEF_0024,0.0
TX_000552,CUST_0039,30-01-2026 03:39,240.14,shopping_online,BENEF_0037,0.0
TX_000553,CUST_0035,30-01-2026 04:36,51.82,shopping_online,BENEF_0185,0.0
TX_000554,CUST_0086,30-01-2026 05:59,96.85,shopping_online,BENEF_0007,0.0
TX_000555,CUST_0032,30-01-2026 06:24,421.94,shopping_online,BENEF_0206,0.0
TX_000556,CUST_0069,30-01-2026 07:47,157.83,grocery_pos,BENEF_0157,0.0
TX_000557,CUST_0007,30-01-2026 08:03,439.9,grocery_pos,BENEF_0134,0.0
TX_000558,CUST_0093,30-01-2026 08:33,264.6,grocery_pos,BENEF_0248,0.0
TX_000559,CUST_0094,30-01-2026 09:47,440.87,shopping_online,BENEF_0025,0.0
TX_000560,CUST_0067,30-01-2026 10:04,130.34,electronics,BENEF_0023,0.0
TX_000561,CUST_0023,30-01-2026 10:54,447.69,shopping_online,BENEF_0138,0.0
TX_000562,CUST_0098,30-01-2026 11:23,368.59,utilities,BENEF_0157,0.0
TX_000563,CUST_0042,30-01-2026 12:10,32.31,shopping_online,BENEF_0139,0.0
TX_000564,CUST_0099,30-01-2026 12:27,368.72,grocery_pos,BENEF_0032,0.0
TX_000565,CUST_0078,30-01-2026 12:51,105.39,utilities,BENEF_0069,0.0
TX_000566,CUST_0040,30-01-2026 13:08,251.69,grocery_pos,BENEF_0033,0.0
TX_000567,CUST_0004,30-01-2026 13:59,339.32,grocery_pos,BENEF_0163,0.0
TX_000568,CUST_0063,30-01-2026 14:40,128.26,dining,BENEF_0069,0.0
TX_000569,CUST_0092,30-01-2026 15:48,99.12,utilities,BENEF_0003,0.0
TX_000570,CUST_0091,30-01-2026 16:39,143.07,grocery_pos,BENEF_0237,0.0
TX_000571,CUST_0058,30-01-2026 18:03,416.21,utilities,BENEF_0126,0.0
TX_000572,CUST_0063,30-01-2026 18:19,151.03,travel_flight,BENEF_0045,0.0
TX_000573,CUST_0043,30-01-2026 19:26,149.62,shopping_online,BENEF_0012,0.0
TX_000574,CUST_0035,30-01-2026 19:58,96.91,shopping_online,BENEF_0240,0.0
TX_000575,CUST_0022,30-01-2026 20:47,34.25,electronics,BENEF_0151,0.0
TX_000576,CUST_0018,30-01-2026 21:47,114.48,utilities,BENEF_0031,0.0
TX_000577,CUST_0036,30-01-2026 22:12,365.05,shopping_online,BENEF_0197,0.0
TX_000578,CUST_0061,30-01-2026 23:39,89.35,electronics,BENEF_0016,0.0
TX_000579,CUST_0094,31-01-2026 00:32,182.3,electronics,BENEF_0050,0.0
TX_000580,CUST_0006,31-01-2026 01:39,436.44,shopping_online,BENEF_0117,0.0
TX_000581,CUST_0067,31-01-2026 02:18,298.07,p2p_transfer,BENEF_0203,0.0
TX_000582,CUST_0042,31-01-2026 03:24,197.59,utilities,BENEF_0012,0.0
TX_000583,CUST_0068,31-01-2026 03:57,202.54,grocery_pos,BENEF_0163,0.0
TX_000584,CUST_0061,31-01-2026 04:28,292.64,electronics,BENEF_0034,0.0
TX_000585,CUST_0091,31-01-2026 05:45,373.75,dining,BENEF_0184,0.0
TX_000586,CUST_0052,31-01-2026 06:45,236.35,electronics,BENEF_0202,0.0
TX_000587,CUST_0037,31-01-2026 07:06,93.1,travel_flight,BENEF_0225,0.0
TX_000588,CUST_0100,31-01-2026 08:00,229.8,electronics,BENEF_0212,0.0
TX_000589,CUST_0072,31-01-2026 09:11,3260.62,utilities,BENEF_SUSP_9392,1.0
TX_000590,CUST_0084,31-01-2026 09:28,433.27,electronics,BENEF_0119,0.0
TX_000591,CUST_0063,31-01-2026 10:23,245.52,utilities,BENEF_0208,0.0
TX_000592,CUST_0040,31-01-2026 10:58,273.72,grocery_pos,BENEF_0013,0.0
TX_000593,CUST_0076,31-01-2026 12:20,329.85,shopping_online,BENEF_0220,0.0
TX_000594,CUST_0063,31-01-2026 13:00,440.43,travel_flight,BENEF_0246,0.0
TX_000595,CUST_0027,31-01-2026 13:22,255.13,utilities,BENEF_0068,0.0
TX_000596,CUST_0033,31-01-2026 14:12,113.1,shopping_online,BENEF_0123,0.0
TX_000597,CUST_0028,31-01-2026 14:52,185.07,utilities,BENEF_0080,0.0
TX_000598,CUST_0043,31-01-2026 15:59,377.26,p2p_transfer,BENEF_0108,0.0
TX_000599,CUST_0027,31-01-2026 16:24,22.66,electronics,BENEF_0050,0.0
TX_000600,CUST_0049,31-01-2026 17:28,289.56,p2p_transfer,BENEF_0147,0.0
TX_000601,CUST_0042,31-01-2026 18:47,317.64,p2p_transfer,BENEF_0158,0.0
TX_000602,CUST_0005,31-01-2026 19:25,28.62,electronics,BENEF_0173,0.0
TX_000603,CUST_0002,31-01-2026 20:39,214.58,grocery_pos,BENEF_0048,0.0
TX_000604,CUST_0049,31-01-2026 21:11,122.39,grocery_pos,BENEF_0211,0.0
TX_000605,CUST_0018,31-01-2026 21:36,408.93,utilities,BENEF_0137,0.0
TX_000606,CUST_0070,31-01-2026 22:30,309.17,dining,BENEF_0174,0.0
TX_000607,CUST_0046,31-01-2026 23:26,51.58,electronics,BENEF_0073,0.0
TX_000608,CUST_0086,31-01-2026 23:51,3418.49,shopping_online,BENEF_SUSP_9046,1.0
TX_000609,CUST_0069,01-02-2026 01:05,288.67,electronics,BENEF_0153,0.0
TX_000610,CUST_0041,01-02-2026 01:43,302.56,utilities,BENEF_0037,0.0
TX_000611,CUST_0025,01-02-2026 03:13,158.09,utilities,BENEF_0009,0.0
TX_000612,CUST_0086,01-02-2026 04:21,444.61,electronics,BENEF_0128,0.0
TX_000613,CUST_0083,01-02-2026 05:07,94.73,utilities,BENEF_0084,0.0
TX_000614,CUST_0065,01-02-2026 05:47,121.46,utilities,BENEF_0173,0.0
TX_000615,CUST_0018,01-02-2026 06:44,137.0,utilities,BENEF_0119,0.0
TX_000616,CUST_0062,01-02-2026 07:27,368.44,p2p_transfer,BENEF_0217,0.0
TX_000617,CUST_0022,01-02-2026 08:34,386.79,electronics,BENEF_0126,0.0
TX_000618,CUST_0041,01-02-2026 09:01,334.42,dining,BENEF_0181,0.0
TX_000619,CUST_0051,01-02-2026 10:19,345.41,shopping_online,BENEF_0098,0.0
TX_000620,CUST_0097,01-02-2026 11:20,323.04,utilities,BENEF_0085,0.0
TX_000621,CUST_0018,01-02-2026 12:24,278.51,utilities,BENEF_0203,0.0
TX_000622,CUST_0094,01-02-2026 13:27,350.78,grocery_pos,BENEF_0066,0.0
TX_000623,CUST_0055,01-02-2026 14:42,226.21,utilities,BENEF_0086,0.0
TX_000624,CUST_0083,01-02-2026 15:26,339.03,travel_flight,BENEF_0219,0.0
TX_000625,CUST_0010,01-02-2026 16:21,31.21,utilities,BENEF_0111,0.0
TX_000626,CUST_0095,01-02-2026 17:50,204.03,electronics,BENEF_0032,0.0
TX_000627,CUST_0070,01-02-2026 18:57,280.69,p2p_transfer,BENEF_0249,0.0
TX_000628,CUST_0049,01-02-2026 19:29,171.35,p2p_transfer,BENEF_0246,0.0
TX_000629,CUST_0027,01-02-2026 20:00,18.13,shopping_online,BENEF_0046,0.0
TX_000630,CUST_0022,01-02-2026 20:29,2259.53,travel_flight,BENEF_SUSP_9547,1.0
TX_000631,CUST_0088,01-02-2026 21:41,333.1,grocery_pos,BENEF_0100,0.0
TX_000632,CUST_0007,01-02-2026 22:28,179.74,electronics,BENEF_0235,0.0
TX_000633,CUST_0028,01-02-2026 22:52,123.63,electronics,BENEF_0021,0.0
TX_000634,CUST_0030,01-02-2026 23:48,309.15,shopping_online,BENEF_0238,0.0
TX_000635,CUST_0023,02-02-2026 00:50,52.09,travel_flight,BENEF_0214,0.0
TX_000636,CUST_0070,02-02-2026 01:07,429.33,p2p_transfer,BENEF_0019,0.0
TX_000637,CUST_0032,02-02-2026 02:00,111.43,grocery_pos,BENEF_0143,0.0
TX_000638,CUST_0025,02-02-2026 03:21,247.85,dining,BENEF_0152,0.0
TX_000639,CUST_0034,02-02-2026 04:33,437.19,utilities,BENEF_0142,0.0
TX_000640,CUST_0012,02-02-2026 05:39,195.08,grocery_pos,BENEF_0241,0.0
TX_000641,CUST_0051,02-02-2026 06:13,35.05,grocery_pos,BENEF_0189,0.0
TX_000642,CUST_0088,02-02-2026 07:10,1560.59,utilities,BENEF_SUSP_9892,1.0
TX_000643,CUST_0085,02-02-2026 08:05,375.58,utilities,BENEF_0237,0.0
TX_000644,CUST_0042,02-02-2026 08:25,396.26,dining,BENEF_0150,0.0
TX_000645,CUST_0058,02-02-2026 09:11,153.67,dining,BENEF_0055,0.0
TX_000646,CUST_0083,02-02-2026 10:09,216.68,travel_flight,BENEF_0068,0.0
TX_000647,CUST_0030,02-02-2026 11:03,435.04,electronics,BENEF_0230,0.0
TX_000648,CUST_0042,02-02-2026 11:35,214.47,travel_flight,BENEF_0073,0.0
TX_000649,CUST_0016,02-02-2026 11:52,417.44,electronics,BENEF_0233,0.0
TX_000650,CUST_0018,02-02-2026 13:18,32.09,grocery_pos,BENEF_0223,0.0
TX_000651,CUST_0045,02-02-2026 13:56,207.47,electronics,BENEF_0068,0.0
TX_000652,CUST_0010,02-02-2026 15:04,422.26,electronics,BENEF_0014,0.0
TX_000653,CUST_0061,02-02-2026 15:22,244.97,p2p_transfer,BENEF_0018,0.0
TX_000654,CUST_0075,02-02-2026 16:35,124.67,travel_flight,BENEF_0056,0.0
TX_000655,CUST_0007,02-02-2026 17:38,419.29,utilities,BENEF_0021,0.0
TX_000656,CUST_0036,02-02-2026 18:18,166.9,p2p_transfer,BENEF_0034,0.0
TX_000657,CUST_0029,02-02-2026 19:45,99.11,grocery_pos,BENEF_0050,0.0
TX_000658,CUST_0035,02-02-2026 21:10,43.09,electronics,BENEF_0028,0.0
TX_000659,CUST_0048,02-02-2026 21:57,92.19,electronics,BENEF_0086,0.0
TX_000660,CUST_0065,02-02-2026 22:44,196.6,grocery_pos,BENEF_0237,0.0
TX_000661,CUST_0070,02-02-2026 23:29,246.71,p2p_transfer,BENEF_0241,0.0
TX_000662,CUST_0024,03-02-2026 00:25,119.5,grocery_pos,BENEF_0073,0.0
TX_000663,CUST_0023,03-02-2026 01:15,2369.17,p2p_transfer,BENEF_SUSP_9165,1.0
TX_000664,CUST_0038,03-02-2026 01:39,349.73,travel_flight,BENEF_0245,0.0
TX_000665,CUST_0084,03-02-2026 02:32,355.67,grocery_pos,BENEF_0188,0.0
TX_000666,CUST_0071,03-02-2026 03:34,388.29,p2p_transfer,BENEF_0015,0.0
TX_000667,CUST_0060,03-02-2026 04:58,356.9,p2p_transfer,BENEF_0141,0.0
TX_000668,CUST_0060,03-02-2026 06:25,395.03,grocery_pos,BENEF_0141,0.0
TX_000669,CUST_0005,03-02-2026 06:51,160.75,shopping_online,BENEF_0205,0.0
TX_000670,CUST_0069,03-02-2026 08:09,183.31,electronics,BENEF_0069,0.0
TX_000671,CUST_0059,03-02-2026 09:04,124.08,electronics,BENEF_0183,0.0
TX_000672,CUST_0016,03-02-2026 10:17,96.4,dining,BENEF_0218,0.0
TX_000673,CUST_0086,03-02-2026 10:38,377.46,shopping_online,BENEF_0181,0.0
TX_000674,CUST_0065,03-02-2026 11:21,446.86,electronics,BENEF_0234,0.0
TX_000675,CUST_0085,03-02-2026 12:50,161.88,p2p_transfer,BENEF_0193,0.0
TX_000676,CUST_0077,03-02-2026 13:07,315.9,electronics,BENEF_0202,0.0
TX_000677,CUST_0002,03-02-2026 14:27,371.08,dining,BENEF_0206,0.0
TX_000678,CUST_0027,03-02-2026 14:53,129.59,dining,BENEF_0063,0.0
TX_000679,CUST_0087,03-02-2026 15:37,36.32,dining,BENEF_0249,0.0
TX_000680,CUST_0005,03-02-2026 16:16,63.81,shopping_online,BENEF_0162,0.0
TX_000681,CUST_0097,03-02-2026 17:15,117.93,shopping_online,BENEF_0116,0.0
TX_000682,CUST_0047,03-02-2026 18:24,379.38,grocery_pos,BENEF_0059,0.0
TX_000683,CUST_0053,03-02-2026 19:02,318.39,dining,BENEF_0074,0.0
TX_000684,CUST_0015,03-02-2026 20:14,175.77,p2p_transfer,BENEF_0027,0.0
TX_000685,CUST_0018,03-02-2026 21:31,313.71,utilities,BENEF_0207,0.0
TX_000686,CUST_0066,03-02-2026 22:17,53.34,utilities,BENEF_0188,0.0
TX_000687,CUST_0040,03-02-2026 22:55,321.1,utilities,BENEF_0101,0.0
TX_000688,CUST_0033,03-02-2026 23:28,270.81,grocery_pos,BENEF_0071,0.0
TX_000689,CUST_0096,04-02-2026 00:46,442.27,travel_flight,BENEF_0219,0.0
TX_000690,CUST_0002,04-02-2026 02:06,51.42,grocery_pos,BENEF_0246,0.0
TX_000691,CUST_0093,04-02-2026 02:26,447.09,travel_flight,BENEF_0094,0.0
TX_000692,CUST_0009,04-02-2026 03:44,194.78,p2p_transfer,BENEF_0115,0.0
TX_000693,CUST_0011,04-02-2026 04:20,240.58,utilities,BENEF_0126,0.0
TX_000694,CUST_0042,04-02-2026 05:24,163.86,p2p_transfer,BENEF_0092,0.0
TX_000695,CUST_0044,04-02-2026 05:40,149.7,shopping_online,BENEF_0227,0.0
TX_000696,CUST_0036,04-02-2026 07:00,29.88,travel_flight,BENEF_0144,0.0
TX_000697,CUST_0013,04-02-2026 07:56,218.59,shopping_online,BENEF_0123,0.0
TX_000698,CUST_0040,04-02-2026 08:46,151.02,travel_flight,BENEF_0041,0.0
TX_000699,CUST_0005,04-02-2026 09:38,75.7,utilities,BENEF_0032,0.0
TX_000700,CUST_0051,04-02-2026 10:03,350.1,electronics,BENEF_0199,0.0
TX_000701,CUST_0092,04-02-2026 11:28,413.34,electronics,BENEF_0076,0.0
TX_000702,CUST_0091,04-02-2026 12:20,342.85,travel_flight,BENEF_0144,0.0
TX_000703,CUST_0080,04-02-2026 12:43,100.69,utilities,BENEF_0212,0.0
TX_000704,CUST_0030,04-02-2026 13:55,336.77,travel_flight,BENEF_0186,0.0
TX_000705,CUST_0059,04-02-2026 14:17,1749.64,dining,BENEF_SUSP_9499,1.0
TX_000706,CUST_0059,04-02-2026 15:43,419.68,shopping_online,BENEF_0072,0.0
TX_000707,CUST_0058,04-02-2026 16:58,302.48,travel_flight,BENEF_0167,0.0
TX_000708,CUST_0045,04-02-2026 18:14,216.95,grocery_pos,BENEF_0194,0.0
TX_000709,CUST_0048,04-02-2026 18:47,3646.83,p2p_transfer,BENEF_SUSP_9428,1.0
TX_000710,CUST_0092,04-02-2026 19:15,122.13,utilities,BENEF_0245,0.0
TX_000711,CUST_0005,04-02-2026 20:10,133.03,p2p_transfer,BENEF_0036,0.0
TX_000712,CUST_0056,04-02-2026 20:54,237.26,p2p_transfer,BENEF_0008,0.0
TX_000713,CUST_0071,04-02-2026 21:58,361.43,dining,BENEF_0113,0.0
TX_000714,CUST_0009,04-02-2026 22:37,195.75,grocery_pos,BENEF_0112,0.0
TX_000715,CUST_0096,04-02-2026 23:34,205.17,shopping_online,BENEF_0197,0.0
TX_000716,CUST_0092,05-02-2026 01:01,402.28,shopping_online,BENEF_0040,0.0
TX_000717,CUST_0026,05-02-2026 02:02,26.24,p2p_transfer,BENEF_0133,0.0
TX_000718,CUST_0003,05-02-2026 03:25,425.29,utilities,BENEF_0180,0.0
TX_000719,CUST_0054,05-02-2026 04:22,313.29,dining,BENEF_0049,0.0
TX_000720,CUST_0083,05-02-2026 04:44,427.98,dining,BENEF_0152,0.0
TX_000721,CUST_0086,05-02-2026 05:13,209.82,electronics,BENEF_0218,0.0
TX_000722,CUST_0058,05-02-2026 06:07,106.47,dining,BENEF_0182,0.0
TX_000723,CUST_0051,05-02-2026 06:59,207.84,travel_flight,BENEF_0055,0.0
TX_000724,CUST_0071,05-02-2026 07:55,2547.34,electronics,BENEF_SUSP_9693,1.0
TX_000725,CUST_0038,05-02-2026 08:56,179.57,dining,BENEF_0060,0.0
TX_000726,CUST_0079,05-02-2026 09:58,359.04,grocery_pos,BENEF_0065,0.0
TX_000727,CUST_0079,05-02-2026 11:13,37.18,utilities,BENEF_0156,0.0
TX_000728,CUST_0009,05-02-2026 12:06,385.08,electronics,BENEF_0013,0.0
TX_000729,CUST_0077,05-02-2026 12:35,219.69,electronics,BENEF_0115,0.0
TX_000730,CUST_0072,05-02-2026 12:54,98.68,dining,BENEF_0079,0.0
TX_000731,CUST_0082,05-02-2026 13:10,155.86,grocery_pos,BENEF_0017,0.0
TX_000732,CUST_0033,05-02-2026 13:33,310.67,grocery_pos,BENEF_0099,0.0
TX_000733,CUST_0008,05-02-2026 14:52,290.5,p2p_transfer,BENEF_0208,0.0
TX_000734,CUST_0098,05-02-2026 15:51,284.9,dining,BENEF_0148,0.0
TX_000735,CUST_0038,05-02-2026 17:02,23.46,electronics,BENEF_0060,0.0
TX_000736,CUST_0030,05-02-2026 17:48,368.09,electronics,BENEF_0006,0.0
TX_000737,CUST_0090,05-02-2026 18:46,280.72,shopping_online,BENEF_0244,0.0
TX_000738,CUST_0064,05-02-2026 19:08,3487.72,grocery_pos,BENEF_SUSP_9365,1.0
TX_000739,CUST_0006,05-02-2026 20:22,98.51,utilities,BENEF_0156,0.0
TX_000740,CUST_0012,05-02-2026 21:49,361.85,travel_flight,BENEF_0225,0.0
TX_000741,CUST_0069,05-02-2026 22:29,274.9,p2p_transfer,BENEF_0080,0.0
TX_000742,CUST_0071,05-02-2026 23:46,129.22,electronics,BENEF_0004,0.0
TX_000743,CUST_0060,06-02-2026 00:07,360.53,utilities,BENEF_0200,0.0
TX_000744,CUST_0064,06-02-2026 01:36,170.75,p2p_transfer,BENEF_0206,0.0
TX_000745,CUST_0068,06-02-2026 02:33,266.17,p2p_transfer,BENEF_0161,0.0
TX_000746,CUST_0080,06-02-2026 04:03,36.72,travel_flight,BENEF_0093,0.0
TX_000747,CUST_0090,06-02-2026 05:03,79.49,dining,BENEF_0103,0.0
TX_000748,CUST_0078,06-02-2026 05:34,317.03,utilities,BENEF_0092,0.0
TX_000749,CUST_0034,06-02-2026 07:00,280.72,dining,BENEF_0128,0.0
TX_000750,CUST_0072,06-02-2026 07:46,344.62,utilities,BENEF_0200,0.0
TX_000751,CUST_0038,06-02-2026 09:07,242.87,utilities,BENEF_0047,0.0
TX_000752,CUST_0043,06-02-2026 09:51,177.85,p2p_transfer,BENEF_0118,0.0
TX_000753,CUST_0082,06-02-2026 10:30,178.7,shopping_online,BENEF_0089,0.0
TX_000754,CUST_0065,06-02-2026 11:57,383.19,shopping_online,BENEF_0155,0.0
TX_000755,CUST_0089,06-02-2026 12:34,109.69,electronics,BENEF_0219,0.0
TX_000756,CUST_0006,06-02-2026 13:04,290.89,electronics,BENEF_0078,0.0
TX_000757,CUST_0008,06-02-2026 14:16,354.72,shopping_online,BENEF_0178,0.0
TX_000758,CUST_0032,06-02-2026 15:20,89.42,grocery_pos,BENEF_0065,0.0
TX_000759,CUST_0062,06-02-2026 16:12,358.22,shopping_online,BENEF_0166,0.0
TX_000760,CUST_0053,06-02-2026 17:42,262.99,utilities,BENEF_0094,0.0
TX_000761,CUST_0014,06-02-2026 19:01,366.37,travel_flight,BENEF_0097,0.0
TX_000762,CUST_0096,06-02-2026 19:17,205.26,shopping_online,BENEF_0109,0.0
TX_000763,CUST_0071,06-02-2026 20:39,30.19,utilities,BENEF_0005,0.0
TX_000764,CUST_0024,06-02-2026 21:33,110.9,shopping_online,BENEF_0011,0.0
TX_000765,CUST_0053,06-02-2026 22:46,210.84,electronics,BENEF_0043,0.0
TX_000766,CUST_0090,07-02-2026 00:12,117.61,grocery_pos,BENEF_0149,0.0
TX_000767,CUST_0092,07-02-2026 00:41,295.79,utilities,BENEF_0063,0.0
TX_000768,CUST_0086,07-02-2026 01:38,40.04,shopping_online,BENEF_0158,0.0
TX_000769,CUST_0097,07-02-2026 01:58,259.66,utilities,BENEF_0212,0.0
TX_000770,CUST_0002,07-02-2026 03:03,338.69,utilities,BENEF_0031,0.0
TX_000771,CUST_0017,07-02-2026 03:56,149.73,dining,BENEF_0200,0.0
TX_000772,CUST_0094,07-02-2026 04:35,172.46,p2p_transfer,BENEF_0017,0.0
TX_000773,CUST_0099,07-02-2026 06:04,270.41,travel_flight,BENEF_0119,0.0
TX_000774,CUST_0053,07-02-2026 07:11,131.68,travel_flight,BENEF_0106,0.0
TX_000775,CUST_0047,07-02-2026 08:20,101.56,electronics,BENEF_0143,0.0
TX_000776,CUST_0016,07-02-2026 08:52,208.54,dining,BENEF_0136,0.0
TX_000777,CUST_0052,07-02-2026 10:21,74.21,travel_flight,BENEF_0133,0.0
TX_000778,CUST_0021,07-02-2026 10:45,276.85,shopping_online,BENEF_0071,0.0
TX_000779,CUST_0100,07-02-2026 12:09,240.37,grocery_pos,BENEF_0197,0.0
TX_000780,CUST_0031,07-02-2026 13:34,413.69,shopping_online,BENEF_0220,0.0
TX_000781,CUST_0055,07-02-2026 14:01,185.75,dining,BENEF_0167,0.0
TX_000782,CUST_0097,07-02-2026 15:16,316.17,p2p_transfer,BENEF_0151,0.0
TX_000783,CUST_0068,07-02-2026 15:47,214.48,electronics,BENEF_0137,0.0
TX_000784,CUST_0003,07-02-2026 17:13,257.66,travel_flight,BENEF_0155,0.0
TX_000785,CUST_0050,07-02-2026 18:36,367.75,grocery_pos,BENEF_0170,0.0
TX_000786,CUST_0074,07-02-2026 19:51,396.85,utilities,BENEF_0244,0.0
TX_000787,CUST_0094,07-02-2026 20:58,419.51,dining,BENEF_0175,0.0
TX_000788,CUST_0072,07-02-2026 22:13,63.31,electronics,BENEF_0122,0.0
TX_000789,CUST_0014,07-02-2026 23:08,339.93,p2p_transfer,BENEF_0110,0.0
TX_000790,CUST_0009,07-02-2026 23:55,358.01,grocery_pos,BENEF_0001,0.0
TX_000791,CUST_0036,08-02-2026 00:30,209.2,travel_flight,BENEF_0022,0.0
TX_000792,CUST_0085,08-02-2026 01:39,408.9,shopping_online,BENEF_0165,0.0
TX_000793,CUST_0054,08-02-2026 02:06,125.73,travel_flight,BENEF_0219,0.0
TX_000794,CUST_0044,08-02-2026 02:38,55.16,utilities,BENEF_0202,0.0
TX_000795,CUST_0091,08-02-2026 03:15,177.7,electronics,BENEF_0143,0.0
TX_000796,CUST_0027,08-02-2026 04:24,62.08,shopping_online,BENEF_0111,0.0
TX_000797,CUST_0059,08-02-2026 05:19,444.44,travel_flight,BENEF_0036,0.0
TX_000798,CUST_0100,08-02-2026 05:57,335.89,grocery_pos,BENEF_0184,0.0
TX_000799,CUST_0063,08-02-2026 07:23,314.79,utilities,BENEF_0192,0.0
TX_000800,CUST_0022,08-02-2026 07:56,287.49,electronics,BENEF_0244,0.0
TX_000801,CUST_0018,08-02-2026 09:22,20.59,grocery_pos,BENEF_0240,0.0
TX_000802,CUST_0002,08-02-2026 10:42,210.76,electronics,BENEF_0104,0.0
TX_000803,CUST_0028,08-02-2026 11:43,240.65,travel_flight,BENEF_0090,0.0
TX_000804,CUST_0028,08-02-2026 12:33,164.43,p2p_transfer,BENEF_0181,0.0
TX_000805,CUST_0019,08-02-2026 13:34,322.44,dining,BENEF_0176,0.0
TX_000806,CUST_0041,08-02-2026 14:18,245.97,shopping_online,BENEF_0148,0.0
TX_000807,CUST_0072,08-02-2026 14:49,335.46,electronics,BENEF_0200,0.0
TX_000808,CUST_0045,08-02-2026 15:58,367.24,utilities,BENEF_0174,0.0
TX_000809,CUST_0019,08-02-2026 17:23,321.45,grocery_pos,BENEF_0166,0.0
TX_000810,CUST_0075,08-02-2026 18:32,89.28,p2p_transfer,BENEF_0117,0.0
TX_000811,CUST_0066,08-02-2026 19:22,82.73,shopping_online,BENEF_0122,0.0
TX_000812,CUST_0087,08-02-2026 20:27,279.9,electronics,BENEF_0128,0.0
TX_000813,CUST_0078,08-02-2026 21:01,265.53,electronics,BENEF_0069,0.0
TX_000814,CUST_0026,08-02-2026 21:29,338.71,utilities,BENEF_0136,0.0
TX_000815,CUST_0071,08-02-2026 22:49,1164.81,p2p_transfer,BENEF_SUSP_9919,1.0
TX_000816,CUST_0100,08-02-2026 23:35,278.86,dining,BENEF_0141,0.0
TX_000817,CUST_0094,09-02-2026 00:16,369.54,travel_flight,BENEF_0206,0.0
TX_000818,CUST_0014,09-02-2026 01:07,260.96,electronics,BENEF_0085,0.0
TX_000819,CUST_0046,09-02-2026 02:22,384.47,dining,BENEF_0154,0.0
TX_000820,CUST_0097,09-02-2026 02:52,347.45,shopping_online,BENEF_0125,0.0
TX_000821,CUST_0092,09-02-2026 04:05,181.77,shopping_online,BENEF_0146,0.0
TX_000822,CUST_0035,09-02-2026 04:32,233.44,dining,BENEF_0195,0.0
TX_000823,CUST_0079,09-02-2026 05:56,182.51,electronics,BENEF_0100,0.0
TX_000824,CUST_0053,09-02-2026 06:49,23.12,dining,BENEF_0182,0.0
TX_000825,CUST_0063,09-02-2026 07:13,103.44,shopping_online,BENEF_0028,0.0
TX_000826,CUST_0050,09-02-2026 07:56,449.77,utilities,BENEF_0063,0.0
TX_000827,CUST_0087,09-02-2026 08:45,101.33,dining,BENEF_0113,0.0
TX_000828,CUST_0066,09-02-2026 09:05,127.87,grocery_pos,BENEF_0050,0.0
TX_000829,CUST_0010,09-02-2026 10:30,159.52,travel_flight,BENEF_0066,0.0
TX_000830,CUST_0055,09-02-2026 11:59,48.65,shopping_online,BENEF_0215,0.0
TX_000831,CUST_0032,09-02-2026 12:34,251.74,p2p_transfer,BENEF_0208,0.0
TX_000832,CUST_0002,09-02-2026 13:56,269.5,utilities,BENEF_0129,0.0
TX_000833,CUST_0065,09-02-2026 14:44,129.32,shopping_online,BENEF_0247,0.0
TX_000834,CUST_0016,09-02-2026 16:14,381.31,p2p_transfer,BENEF_0093,0.0
TX_000835,CUST_0047,09-02-2026 16:29,198.95,grocery_pos,BENEF_0063,0.0
TX_000836,CUST_0065,09-02-2026 17:38,257.91,p2p_transfer,BENEF_0209,0.0
TX_000837,CUST_0083,09-02-2026 18:07,381.5,grocery_pos,BENEF_0244,0.0
TX_000838,CUST_0088,09-02-2026 18:47,120.87,dining,BENEF_0187,0.0
TX_000839,CUST_0007,09-02-2026 19:07,427.84,travel_flight,BENEF_0156,0.0
TX_000840,CUST_0062,09-02-2026 20:00,141.58,utilities,BENEF_0092,0.0
TX_000841,CUST_0040,09-02-2026 21:22,65.79,dining,BENEF_0234,0.0
TX_000842,CUST_0088,09-02-2026 22:28,196.53,utilities,BENEF_0246,0.0
TX_000843,CUST_0004,09-02-2026 23:05,390.53,utilities,BENEF_0196,0.0
TX_000844,CUST_0021,09-02-2026 23:38,209.84,utilities,BENEF_0189,0.0
TX_000845,CUST_0082,10-02-2026 01:06,177.11,electronics,BENEF_0039,0.0
TX_000846,CUST_0074,10-02-2026 02:28,279.6,grocery_pos,BENEF_0184,0.0
TX_000847,CUST_0007,10-02-2026 03:19,419.39,dining,BENEF_0209,0.0
TX_000848,CUST_0084,10-02-2026 04:09,271.24,travel_flight,BENEF_0050,0.0
TX_000849,CUST_0078,10-02-2026 04:59,227.77,shopping_online,BENEF_0237,0.0
TX_000850,CUST_0037,10-02-2026 06:17,446.19,grocery_pos,BENEF_0046,0.0
TX_000851,CUST_0048,10-02-2026 07:26,123.09,grocery_pos,BENEF_0229,0.0
TX_000852,CUST_0097,10-02-2026 07:46,193.0,shopping_online,BENEF_0249,0.0
TX_000853,CUST_0068,10-02-2026 08:34,98.94,dining,BENEF_0224,0.0
TX_000854,CUST_0049,10-02-2026 09:48,202.44,electronics,BENEF_0022,0.0
TX_000855,CUST_0100,10-02-2026 10:37,273.97,p2p_transfer,BENEF_0205,0.0
TX_000856,CUST_0082,10-02-2026 10:57,282.03,utilities,BENEF_0170,0.0
TX_000857,CUST_0046,10-02-2026 11:18,306.92,travel_flight,BENEF_0110,0.0
TX_000858,CUST_0094,10-02-2026 11:49,386.88,grocery_pos,BENEF_0029,0.0
TX_000859,CUST_0009,10-02-2026 12:47,357.77,grocery_pos,BENEF_0066,0.0
TX_000860,CUST_0061,10-02-2026 13:35,155.54,shopping_online,BENEF_0034,0.0
TX_000861,CUST_0068,10-02-2026 14:12,28.72,shopping_online,BENEF_0062,0.0
TX_000862,CUST_0051,10-02-2026 14:59,418.77,utilities,BENEF_0156,0.0
TX_000863,CUST_0079,10-02-2026 16:29,383.03,electronics,BENEF_0070,0.0
TX_000864,CUST_0043,10-02-2026 16:51,299.75,shopping_online,BENEF_0014,0.0
TX_000865,CUST_0036,10-02-2026 17:31,271.99,electronics,BENEF_0022,0.0
TX_000866,CUST_0016,10-02-2026 18:22,2270.65,p2p_transfer,BENEF_SUSP_9916,1.0
TX_000867,CUST_0015,10-02-2026 19:20,398.06,dining,BENEF_0099,0.0
TX_000868,CUST_0016,10-02-2026 20:40,150.93,travel_flight,BENEF_0120,0.0
TX_000869,CUST_0037,10-02-2026 21:23,373.35,travel_flight,BENEF_0018,0.0
TX_000870,CUST_0034,10-02-2026 22:07,145.76,travel_flight,BENEF_0208,0.0
TX_000871,CUST_0062,10-02-2026 23:27,99.93,grocery_pos,BENEF_0207,0.0
TX_000872,CUST_0006,11-02-2026 00:03,397.16,p2p_transfer,BENEF_0037,0.0
TX_000873,CUST_0095,11-02-2026 00:56,214.96,grocery_pos,BENEF_0226,0.0
TX_000874,CUST_0086,11-02-2026 02:14,332.81,travel_flight,BENEF_0089,0.0
TX_000875,CUST_0055,11-02-2026 03:18,22.09,p2p_transfer,BENEF_0026,0.0
TX_000876,CUST_0098,11-02-2026 04:05,185.4,grocery_pos,BENEF_0212,0.0
TX_000877,CUST_0076,11-02-2026 05:17,124.23,p2p_transfer,BENEF_0015,0.0
TX_000878,CUST_0072,11-02-2026 06:38,337.12,electronics,BENEF_0233,0.0
TX_000879,CUST_0097,11-02-2026 08:07,130.26,electronics,BENEF_0091,0.0
TX_000880,CUST_0098,11-02-2026 09:02,128.07,electronics,BENEF_0020,0.0
TX_000881,CUST_0032,11-02-2026 10:09,217.18,electronics,BENEF_0210,0.0
TX_000882,CUST_0091,11-02-2026 11:07,368.0,electronics,BENEF_0093,0.0
TX_000883,CUST_0051,11-02-2026 11:38,170.29,p2p_transfer,BENEF_0119,0.0
TX_000884,CUST_0072,11-02-2026 12:29,187.83,utilities,BENEF_0241,0.0
TX_000885,CUST_0077,11-02-2026 13:35,263.1,shopping_online,BENEF_0135,0.0
TX_000886,CUST_0069,11-02-2026 13:56,2614.47,grocery_pos,BENEF_SUSP_9783,1.0
TX_000887,CUST_0044,11-02-2026 14:59,84.47,utilities,BENEF_0123,0.0
TX_000888,CUST_0050,11-02-2026 15:16,86.62,dining,BENEF_0104,0.0
TX_000889,CUST_0028,11-02-2026 16:05,241.03,dining,BENEF_0186,0.0
TX_000890,CUST_0039,11-02-2026 16:55,116.42,p2p_transfer,BENEF_0172,0.0
TX_000891,CUST_0100,11-02-2026 17:23,303.08,travel_flight,BENEF_0108,0.0
TX_000892,CUST_0007,11-02-2026 17:55,46.6,shopping_online,BENEF_0052,0.0
TX_000893,CUST_0071,11-02-2026 18:31,417.74,p2p_transfer,BENEF_0131,0.0
TX_000894,CUST_0019,11-02-2026 18:57,80.74,p2p_transfer,BENEF_0036,0.0
TX_000895,CUST_0010,11-02-2026 20:23,183.76,electronics,BENEF_0121,0.0
TX_000896,CUST_0060,11-02-2026 21:22,34.33,dining,BENEF_0099,0.0
TX_000897,CUST_0078,11-02-2026 22:05,373.75,dining,BENEF_0119,0.0
TX_000898,CUST_0070,11-02-2026 22:43,66.27,shopping_online,BENEF_0208,0.0
TX_000899,CUST_0015,11-02-2026 23:23,193.34,shopping_online,BENEF_0206,0.0
TX_000900,CUST_0002,12-02-2026 00:45,106.37,utilities,BENEF_0119,0.0
TX_000901,CUST_0071,12-02-2026 01:17,114.46,p2p_transfer,BENEF_0096,0.0
TX_000902,CUST_0059,12-02-2026 02:40,402.17,electronics,BENEF_0080,0.0
TX_000903,CUST_0095,12-02-2026 03:47,256.9,shopping_online,BENEF_0129,0.0
TX_000904,CUST_0004,12-02-2026 04:53,243.83,shopping_online,BENEF_0188,0.0
TX_000905,CUST_0023,12-02-2026 06:05,427.44,p2p_transfer,BENEF_0136,0.0
TX_000906,CUST_0011,12-02-2026 06:27,80.4,p2p_transfer,BENEF_0029,0.0
TX_000907,CUST_0066,12-02-2026 07:47,118.4,dining,BENEF_0147,0.0
TX_000908,CUST_0069,12-02-2026 08:09,32.21,utilities,BENEF_0008,0.0
TX_000909,CUST_0079,12-02-2026 09:29,79.74,p2p_transfer,BENEF_0106,0.0
TX_000910,CUST_0068,12-02-2026 10:14,361.4,grocery_pos,BENEF_0051,0.0
TX_000911,CUST_0080,12-02-2026 11:15,390.63,travel_flight,BENEF_0022,0.0
TX_000912,CUST_0040,12-02-2026 12:19,719.59,p2p_transfer,BENEF_SUSP_9564,1.0
TX_000913,CUST_0007,12-02-2026 13:25,1073.59,electronics,BENEF_SUSP_9488,1.0
TX_000914,CUST_0035,12-02-2026 14:36,301.2,dining,BENEF_0223,0.0
TX_000915,CUST_0010,12-02-2026 15:38,100.96,grocery_pos,BENEF_0193,0.0
TX_000916,CUST_0058,12-02-2026 16:06,68.47,dining,BENEF_0200,0.0
TX_000917,CUST_0091,12-02-2026 17:00,213.32,dining,BENEF_0248,0.0
TX_000918,CUST_0068,12-02-2026 18:02,357.33,p2p_transfer,BENEF_0107,0.0
TX_000919,CUST_0011,12-02-2026 19:12,258.67,p2p_transfer,BENEF_0231,0.0
TX_000920,CUST_0037,12-02-2026 19:34,197.46,grocery_pos,BENEF_0174,0.0
TX_000921,CUST_0078,12-02-2026 20:59,412.77,shopping_online,BENEF_0114,0.0
TX_000922,CUST_0090,12-02-2026 21:39,359.09,dining,BENEF_0049,0.0
TX_000923,CUST_0093,12-02-2026 22:09,146.62,shopping_online,BENEF_0084,0.0
TX_000924,CUST_0036,12-02-2026 23:18,240.99,grocery_pos,BENEF_0173,0.0
TX_000925,CUST_0025,13-02-2026 00:28,216.88,p2p_transfer,BENEF_0027,0.0
TX_000926,CUST_0056,13-02-2026 01:05,258.21,utilities,BENEF_0053,0.0
TX_000927,CUST_0029,13-02-2026 01:34,26.91,utilities,BENEF_0216,0.0
TX_000928,CUST_0089,13-02-2026 01:51,194.19,grocery_pos,BENEF_0165,0.0
TX_000929,CUST_0060,13-02-2026 03:21,40.38,electronics,BENEF_0181,0.0
TX_000930,CUST_0052,13-02-2026 04:46,174.05,travel_flight,BENEF_0020,0.0
TX_000931,CUST_0016,13-02-2026 05:22,361.19,p2p_transfer,BENEF_0075,0.0
TX_000932,CUST_0051,13-02-2026 06:12,350.98,utilities,BENEF_0225,0.0
TX_000933,CUST_0047,13-02-2026 07:20,193.26,utilities,BENEF_0112,0.0
TX_000934,CUST_0087,13-02-2026 08:18,334.35,p2p_transfer,BENEF_0009,0.0
TX_000935,CUST_0075,13-02-2026 09:38,316.16,electronics,BENEF_0088,0.0
TX_000936,CUST_0059,13-02-2026 10:56,390.0,grocery_pos,BENEF_0139,0.0
TX_000937,CUST_0073,13-02-2026 11:34,437.17,travel_flight,BENEF_0228,0.0
TX_000938,CUST_0065,13-02-2026 12:13,148.49,utilities,BENEF_0127,0.0
TX_000939,CUST_0057,13-02-2026 13:42,200.92,dining,BENEF_0102,0.0
TX_000940,CUST_0044,13-02-2026 14:13,4228.0,dining,BENEF_SUSP_9817,1.0
TX_000941,CUST_0006,13-02-2026 14:32,359.58,p2p_transfer,BENEF_0158,0.0
TX_000942,CUST_0070,13-02-2026 15:07,53.22,utilities,BENEF_0122,0.0
TX_000943,CUST_0063,13-02-2026 16:06,178.39,electronics,BENEF_0053,0.0
TX_000944,CUST_0025,13-02-2026 16:48,126.25,grocery_pos,BENEF_0091,0.0
TX_000945,CUST_0055,13-02-2026 18:09,204.32,electronics,BENEF_0236,0.0
TX_000946,CUST_0046,13-02-2026 19:15,189.67,dining,BENEF_0137,0.0
TX_000947,CUST_0084,13-02-2026 20:32,278.15,utilities,BENEF_0192,0.0
TX_000948,CUST_0056,13-02-2026 21:11,101.81,shopping_online,BENEF_0249,0.0
TX_000949,CUST_0094,13-02-2026 22:31,279.31,utilities,BENEF_0052,0.0
TX_000950,CUST_0076,13-02-2026 23:20,59.69,travel_flight,BENEF_0011,0.0
TX_000951,CUST_0068,14-02-2026 00:36,209.05,travel_flight,BENEF_0135,0.0
TX_000952,CUST_0050,14-02-2026 01:02,57.89,shopping_online,BENEF_0249,0.0
TX_000953,CUST_0013,14-02-2026 01:35,365.58,utilities,BENEF_0050,0.0
TX_000954,CUST_0098,14-02-2026 03:01,352.85,p2p_transfer,BENEF_0017,0.0
TX_000955,CUST_0041,14-02-2026 03:25,37.09,electronics,BENEF_0158,0.0
TX_000956,CUST_0081,14-02-2026 03:41,406.66,p2p_transfer,BENEF_0242,0.0
TX_000957,CUST_0012,14-02-2026 04:04,344.9,shopping_online,BENEF_0011,0.0
TX_000958,CUST_0096,14-02-2026 05:15,118.5,travel_flight,BENEF_0031,0.0
TX_000959,CUST_0074,14-02-2026 06:03,247.42,p2p_transfer,BENEF_0077,0.0
TX_000960,CUST_0051,14-02-2026 06:34,427.79,utilities,BENEF_0006,0.0
TX_000961,CUST_0004,14-02-2026 07:28,187.55,electronics,BENEF_0008,0.0
TX_000962,CUST_0065,14-02-2026 07:54,240.76,shopping_online,BENEF_0032,0.0
TX_000963,CUST_0085,14-02-2026 08:51,205.53,travel_flight,BENEF_0069,0.0
TX_000964,CUST_0033,14-02-2026 09:24,376.23,p2p_transfer,BENEF_0075,0.0
TX_000965,CUST_0004,14-02-2026 10:40,76.18,electronics,BENEF_0060,0.0
TX_000966,CUST_0058,14-02-2026 11:51,214.06,utilities,BENEF_0029,0.0
TX_000967,CUST_0010,14-02-2026 12:53,311.65,grocery_pos,BENEF_0002,0.0
TX_000968,CUST_0080,14-02-2026 14:12,430.18,p2p_transfer,BENEF_0238,0.0
TX_000969,CUST_0079,14-02-2026 14:54,166.47,travel_flight,BENEF_0062,0.0
TX_000970,CUST_0084,14-02-2026 16:19,185.64,p2p_transfer,BENEF_0138,0.0
TX_000971,CUST_0087,14-02-2026 17:12,169.12,utilities,BENEF_0188,0.0
TX_000972,CUST_0090,14-02-2026 18:27,191.37,dining,BENEF_0027,0.0
TX_000973,CUST_0004,14-02-2026 18:46,78.86,utilities,BENEF_0219,0.0
TX_000974,CUST_0083,14-02-2026 19:54,288.92,utilities,BENEF_0126,0.0
TX_000975,CUST_0017,14-02-2026 20:13,184.7,p2p_transfer,BENEF_0092,0.0
TX_000976,CUST_0064,14-02-2026 21:38,262.03,p2p_transfer,BENEF_0120,0.0
TX_000977,CUST_0007,14-02-2026 21:55,438.81,shopping_online,BENEF_0027,0.0
TX_000978,CUST_0023,14-02-2026 22:25,299.75,dining,BENEF_0098,0.0
TX_000979,CUST_0040,14-02-2026 22:54,378.92,dining,BENEF_0188,0.0
TX_000980,CUST_0060,14-02-2026 23:43,419.78,grocery_pos,BENEF_0188,0.0
TX_000981,CUST_0069,15-02-2026 00:20,3408.29,utilities,BENEF_SUSP_9149,1.0
TX_000982,CUST_0056,15-02-2026 01:31,378.74,electronics,BENEF_0079,0.0
TX_000983,CUST_0054,15-02-2026 02:56,395.97,grocery_pos,BENEF_0212,0.0
TX_000984,CUST_0058,15-02-2026 04:04,430.5,utilities,BENEF_0002,0.0
TX_000985,CUST_0082,15-02-2026 05:29,334.0,utilities,BENEF_0176,0.0
TX_000986,CUST_0092,15-02-2026 05:57,17.42,p2p_transfer,BENEF_0137,0.0
TX_000987,CUST_0013,15-02-2026 06:39,128.7,p2p_transfer,BENEF_0098,0.0
TX_000988,CUST_0022,15-02-2026 07:45,258.09,grocery_pos,BENEF_0204,0.0
TX_000989,CUST_0063,15-02-2026 08:22,96.56,shopping_online,BENEF_0013,0.0
TX_000990,CUST_0006,15-02-2026 09:22,437.41,shopping_online,BENEF_0182,0.0
TX_000991,CUST_0086,15-02-2026 10:35,174.77,electronics,BENEF_0031,0.0
TX_000992,CUST_0058,15-02-2026 11:34,346.26,utilities,BENEF_0131,0.0
TX_000993,CUST_0057,15-02-2026 12:49,251.06,p2p_transfer,BENEF_0218,0.0
TX_000994,CUST_0037,15-02-2026 13:10,328.36,utilities,BENEF_0212,0.0
TX_000995,CUST_0035,15-02-2026 13:33,400.06,utilities,BENEF_0025,0.0
TX_000996,CUST_0009,15-02-2026 14:49,1397.69,electronics,BENEF_SUSP_9647,1.0
TX_000997,CUST_0018,15-02-2026 15:23,306.86,electronics,BENEF_0199,0.0
TX_000998,CUST_0039,15-02-2026 16:07,408.67,dining,BENEF_0105,0.0
TX_000999,CUST_0025,15-02-2026 16:54,315.78,utilities,BENEF_0048,0.0
TX_001000,CUST_0027,15-02-2026 17:55,158.72,utilities,BENEF_0090,0.0
TX_001001,CUST_0066,15-02-2026 18:53,75.93,electronics,BENEF_0202,0.0
TX_001002,CUST_0014,15-02-2026 19:27,63.65,electronics,BENEF_0146,0.0
TX_001003,CUST_0014,15-02-2026 19:49,37.0,shopping_online,BENEF_0018,0.0
TX_001004,CUST_0032,15-02-2026 20:27,185.09,electronics,BENEF_0243,0.0
TX_001005,CUST_0061,15-02-2026 21:32,245.44,grocery_pos,BENEF_0100,0.0
TX_001006,CUST_0020,15-02-2026 22:11,409.19,shopping_online,BENEF_0198,0.0
TX_001007,CUST_0086,15-02-2026 23:17,322.35,dining,BENEF_0081,0.0
TX_001008,CUST_0093,16-02-2026 00:26,437.36,grocery_pos,BENEF_0131,0.0
TX_001009,CUST_0069,16-02-2026 01:11,176.07,grocery_pos,BENEF_0055,0.0
TX_001010,CUST_0050,16-02-2026 02:21,277.42,p2p_transfer,BENEF_0015,0.0
TX_001011,CUST_0098,16-02-2026 02:53,270.7,p2p_transfer,BENEF_0013,0.0
TX_001012,CUST_0082,16-02-2026 04:14,320.07,travel_flight,BENEF_0159,0.0
TX_001013,CUST_0007,16-02-2026 04:49,362.84,utilities,BENEF_0219,0.0
TX_001014,CUST_0005,16-02-2026 06:05,219.85,electronics,BENEF_0124,0.0
TX_001015,CUST_0041,16-02-2026 06:52,33.21,dining,BENEF_0091,0.0
TX_001016,CUST_0020,16-02-2026 08:08,328.63,dining,BENEF_0038,0.0
TX_001017,CUST_0078,16-02-2026 08:37,360.31,grocery_pos,BENEF_0087,0.0
TX_001018,CUST_0042,16-02-2026 09:40,255.58,grocery_pos,BENEF_0036,0.0
TX_001019,CUST_0094,16-02-2026 10:17,71.0,utilities,BENEF_0014,0.0
TX_001020,CUST_0086,16-02-2026 11:00,298.64,grocery_pos,BENEF_0179,0.0
TX_001021,CUST_0085,16-02-2026 11:47,385.41,electronics,BENEF_0146,0.0
TX_001022,CUST_0096,16-02-2026 13:06,146.2,shopping_online,BENEF_0135,0.0
TX_001023,CUST_0066,16-02-2026 14:12,223.8,utilities,BENEF_0188,0.0
TX_001024,CUST_0077,16-02-2026 15:17,133.17,electronics,BENEF_0117,0.0
TX_001025,CUST_0070,16-02-2026 15:35,352.75,electronics,BENEF_0107,0.0
TX_001026,CUST_0030,16-02-2026 16:28,42.19,dining,BENEF_0163,0.0
TX_001027,CUST_0057,16-02-2026 17:51,330.21,travel_flight,BENEF_0017,0.0
TX_001028,CUST_0019,16-02-2026 19:18,429.16,shopping_online,BENEF_0136,0.0
TX_001029,CUST_0063,16-02-2026 19:38,269.09,electronics,BENEF_0231,0.0
TX_001030,CUST_0014,16-02-2026 21:04,404.75,p2p_transfer,BENEF_0108,0.0
TX_001031,CUST_0001,16-02-2026 21:27,320.97,electronics,BENEF_0155,0.0
TX_001032,CUST_0032,16-02-2026 22:23,327.95,utilities,BENEF_0177,0.0
TX_001033,CUST_0068,16-02-2026 23:32,354.37,grocery_pos,BENEF_0134,0.0
TX_001034,CUST_0030,17-02-2026 00:49,85.63,electronics,BENEF_0088,0.0
TX_001035,CUST_0077,17-02-2026 02:16,704.34,travel_flight,BENEF_SUSP_9336,1.0
TX_001036,CUST_0089,17-02-2026 03:14,313.83,dining,BENEF_0211,0.0
TX_001037,CUST_0059,17-02-2026 03:36,298.9,electronics,BENEF_0096,0.0
TX_001038,CUST_0070,17-02-2026 04:03,358.46,travel_flight,BENEF_0160,0.0
TX_001039,CUST_0070,17-02-2026 05:13,229.9,grocery_pos,BENEF_0240,0.0
TX_001040,CUST_0018,17-02-2026 05:37,326.03,grocery_pos,BENEF_0176,0.0
TX_001041,CUST_0032,17-02-2026 05:59,54.11,p2p_transfer,BENEF_0113,0.0
TX_001042,CUST_0044,17-02-2026 07:08,316.26,p2p_transfer,BENEF_0165,0.0
TX_001043,CUST_0074,17-02-2026 07:34,425.44,shopping_online,BENEF_0052,0.0
TX_001044,CUST_0012,17-02-2026 08:01,362.32,utilities,BENEF_0106,0.0
TX_001045,CUST_0072,17-02-2026 08:28,300.14,electronics,BENEF_0052,0.0
TX_001046,CUST_0090,17-02-2026 09:01,120.52,shopping_online,BENEF_0003,0.0
TX_001047,CUST_0067,17-02-2026 09:50,400.16,electronics,BENEF_0210,0.0
TX_001048,CUST_0034,17-02-2026 11:13,392.55,grocery_pos,BENEF_0242,0.0
TX_001049,CUST_0031,17-02-2026 11:47,396.03,utilities,BENEF_0073,0.0
TX_001050,CUST_0034,17-02-2026 12:54,27.01,dining,BENEF_0056,0.0
TX_001051,CUST_0049,17-02-2026 13:52,34.53,grocery_pos,BENEF_0006,0.0
TX_001052,CUST_0054,17-02-2026 15:12,95.86,shopping_online,BENEF_0094,0.0
TX_001053,CUST_0040,17-02-2026 16:09,254.06,dining,BENEF_0238,0.0
TX_001054,CUST_0082,17-02-2026 16:46,297.43,utilities,BENEF_0012,0.0
TX_001055,CUST_0071,17-02-2026 17:26,386.02,utilities,BENEF_0172,0.0
TX_001056,CUST_0086,17-02-2026 18:02,283.08,p2p_transfer,BENEF_0148,0.0
TX_001057,CUST_0062,17-02-2026 19:04,363.12,p2p_transfer,BENEF_0048,0.0
TX_001058,CUST_0066,17-02-2026 19:56,326.66,dining,BENEF_0124,0.0
TX_001059,CUST_0066,17-02-2026 21:19,59.1,electronics,BENEF_0034,0.0
TX_001060,CUST_0100,17-02-2026 21:45,215.89,p2p_transfer,BENEF_0078,0.0
TX_001061,CUST_0066,17-02-2026 22:21,366.08,utilities,BENEF_0168,0.0
TX_001062,CUST_0063,17-02-2026 22:48,121.94,electronics,BENEF_0040,0.0
TX_001063,CUST_0005,18-02-2026 00:03,352.5,p2p_transfer,BENEF_0067,0.0
TX_001064,CUST_0068,18-02-2026 01:09,386.29,electronics,BENEF_0096,0.0
TX_001065,CUST_0035,18-02-2026 02:34,64.72,dining,BENEF_0216,0.0
TX_001066,CUST_0047,18-02-2026 03:33,311.43,utilities,BENEF_0008,0.0
TX_001067,CUST_0062,18-02-2026 04:31,399.2,grocery_pos,BENEF_0164,0.0
TX_001068,CUST_0099,18-02-2026 05:11,249.5,p2p_transfer,BENEF_0240,0.0
TX_001069,CUST_0047,18-02-2026 06:32,29.11,grocery_pos,BENEF_0101,0.0
TX_001070,CUST_0026,18-02-2026 07:33,411.14,dining,BENEF_0222,0.0
TX_001071,CUST_0090,18-02-2026 08:05,221.11,travel_flight,BENEF_0091,0.0
TX_001072,CUST_0039,18-02-2026 09:07,375.68,utilities,BENEF_0146,0.0
TX_001073,CUST_0006,18-02-2026 10:11,432.18,shopping_online,BENEF_0070,0.0
TX_001074,CUST_0066,18-02-2026 11:30,42.59,utilities,BENEF_0184,0.0
TX_001075,CUST_0050,18-02-2026 12:20,278.01,travel_flight,BENEF_0040,0.0
TX_001076,CUST_0012,18-02-2026 13:27,371.87,utilities,BENEF_0139,0.0
TX_001077,CUST_0072,18-02-2026 14:14,58.41,utilities,BENEF_0060,0.0
TX_001078,CUST_0035,18-02-2026 15:03,441.65,dining,BENEF_0067,0.0
TX_001079,CUST_0005,18-02-2026 15:44,143.28,dining,BENEF_0213,0.0
TX_001080,CUST_0081,18-02-2026 16:05,268.0,utilities,BENEF_0135,0.0
TX_001081,CUST_0080,18-02-2026 16:26,158.44,p2p_transfer,BENEF_0043,0.0
TX_001082,CUST_0039,18-02-2026 17:01,315.95,electronics,BENEF_0087,0.0
TX_001083,CUST_0100,18-02-2026 17:20,236.02,utilities,BENEF_0078,0.0
TX_001084,CUST_0017,18-02-2026 18:02,26.23,dining,BENEF_0033,0.0
TX_001085,CUST_0058,18-02-2026 18:40,161.38,dining,BENEF_0245,0.0
TX_001086,CUST_0064,18-02-2026 19:19,234.37,grocery_pos,BENEF_0174,0.0
TX_001087,CUST_0064,18-02-2026 20:16,408.25,grocery_pos,BENEF_0047,0.0
TX_001088,CUST_0059,18-02-2026 21:36,123.41,electronics,BENEF_0237,0.0
TX_001089,CUST_0054,18-02-2026 22:46,89.77,electronics,BENEF_0062,0.0
TX_001090,CUST_0022,18-02-2026 23:56,399.05,utilities,BENEF_0177,0.0
TX_001091,CUST_0038,19-02-2026 00:44,105.54,p2p_transfer,BENEF_0150,0.0
TX_001092,CUST_0012,19-02-2026 02:04,449.18,electronics,BENEF_0059,0.0
TX_001093,CUST_0074,19-02-2026 02:43,210.99,p2p_transfer,BENEF_0223,0.0
TX_001094,CUST_0052,19-02-2026 03:40,40.82,dining,BENEF_0076,0.0
TX_001095,CUST_0049,19-02-2026 04:53,103.25,electronics,BENEF_0014,0.0
TX_001096,CUST_0038,19-02-2026 05:24,270.34,grocery_pos,BENEF_0011,0.0
TX_001097,CUST_0021,19-02-2026 05:46,158.44,dining,BENEF_0130,0.0
TX_001098,CUST_0018,19-02-2026 06:24,208.61,dining,BENEF_0014,0.0
TX_001099,CUST_0091,19-02-2026 07:35,57.07,travel_flight,BENEF_0176,0.0
TX_001100,CUST_0008,19-02-2026 08:50,347.22,electronics,BENEF_0090,0.0
TX_001101,CUST_0022,19-02-2026 09:50,175.31,travel_flight,BENEF_0080,0.0
TX_001102,CUST_0055,19-02-2026 11:08,153.32,travel_flight,BENEF_0093,0.0
TX_001103,CUST_0016,19-02-2026 12:03,197.6,dining,BENEF_0219,0.0
TX_001104,CUST_0012,19-02-2026 13:31,347.23,utilities,BENEF_0191,0.0
TX_001105,CUST_0077,19-02-2026 13:46,250.77,p2p_transfer,BENEF_0234,0.0
TX_001106,CUST_0011,19-02-2026 15:07,147.49,electronics,BENEF_0065,0.0
TX_001107,CUST_0033,19-02-2026 15:31,199.01,dining,BENEF_0070,0.0
TX_001108,CUST_0093,19-02-2026 15:48,343.06,travel_flight,BENEF_0169,0.0
TX_001109,CUST_0033,19-02-2026 17:09,67.32,electronics,BENEF_0183,0.0
TX_001110,CUST_0069,19-02-2026 17:31,338.5,dining,BENEF_0223,0.0
TX_001111,CUST_0096,19-02-2026 17:49,165.4,travel_flight,BENEF_0096,0.0
TX_001112,CUST_0002,19-02-2026 18:44,211.43,shopping_online,BENEF_0037,0.0
TX_001113,CUST_0062,19-02-2026 19:30,444.23,shopping_online,BENEF_0189,0.0
TX_001114,CUST_0076,19-02-2026 19:58,185.82,grocery_pos,BENEF_0155,0.0
TX_001115,CUST_0043,19-02-2026 20:16,26.26,travel_flight,BENEF_0061,0.0
TX_001116,CUST_0006,19-02-2026 21:18,41.48,grocery_pos,BENEF_0123,0.0
TX_001117,CUST_0078,19-02-2026 22:32,333.94,dining,BENEF_0005,0.0
TX_001118,CUST_0063,19-02-2026 23:52,48.81,grocery_pos,BENEF_0166,0.0
TX_001119,CUST_0054,20-02-2026 00:41,227.52,dining,BENEF_0170,0.0
TX_001120,CUST_0043,20-02-2026 01:43,248.54,utilities,BENEF_0227,0.0
TX_001121,CUST_0042,20-02-2026 02:26,306.08,dining,BENEF_0249,0.0
TX_001122,CUST_0071,20-02-2026 03:03,404.07,shopping_online,BENEF_0162,0.0
TX_001123,CUST_0059,20-02-2026 04:00,369.08,electronics,BENEF_0020,0.0
TX_001124,CUST_0032,20-02-2026 05:21,200.46,travel_flight,BENEF_0122,0.0
TX_001125,CUST_0032,20-02-2026 05:37,23.66,utilities,BENEF_0139,0.0
TX_001126,CUST_0077,20-02-2026 06:27,201.92,grocery_pos,BENEF_0235,0.0
TX_001127,CUST_0040,20-02-2026 06:44,439.92,grocery_pos,BENEF_0104,0.0
TX_001128,CUST_0084,20-02-2026 07:21,404.29,travel_flight,BENEF_0062,0.0
TX_001129,CUST_0029,20-02-2026 07:48,101.81,electronics,BENEF_0101,0.0
TX_001130,CUST_0023,20-02-2026 08:10,49.84,p2p_transfer,BENEF_0161,0.0
TX_001131,CUST_0032,20-02-2026 09:13,439.4,electronics,BENEF_0133,0.0
TX_001132,CUST_0065,20-02-2026 10:21,366.3,p2p_transfer,BENEF_0116,0.0
TX_001133,CUST_0076,20-02-2026 11:33,67.63,dining,BENEF_0111,0.0
TX_001134,CUST_0079,20-02-2026 12:49,125.98,utilities,BENEF_0089,0.0
TX_001135,CUST_0028,20-02-2026 13:56,170.71,travel_flight,BENEF_0207,0.0
TX_001136,CUST_0041,20-02-2026 14:42,315.12,dining,BENEF_0091,0.0
TX_001137,CUST_0063,20-02-2026 15:14,424.77,dining,BENEF_0111,0.0
TX_001138,CUST_0055,20-02-2026 15:44,435.21,grocery_pos,BENEF_0100,0.0
TX_001139,CUST_0072,20-02-2026 16:22,97.83,dining,BENEF_0178,0.0
TX_001140,CUST_0005,20-02-2026 17:35,91.13,utilities,BENEF_0005,0.0
TX_001141,CUST_0089,20-02-2026 18:18,270.41,p2p_transfer,BENEF_0118,0.0
TX_001142,CUST_0014,20-02-2026 19:03,439.04,shopping_online,BENEF_0160,0.0
TX_001143,CUST_0048,20-02-2026 19:26,95.71,electronics,BENEF_0092,0.0
TX_001144,CUST_0089,20-02-2026 20:31,110.55,grocery_pos,BENEF_0173,0.0
TX_001145,CUST_0081,20-02-2026 20:55,124.47,p2p_transfer,BENEF_0167,0.0
TX_001146,CUST_0063,20-02-2026 22:06,364.08,p2p_transfer,BENEF_0234,0.0
TX_001147,CUST_0018,20-02-2026 23:22,127.77,electronics,BENEF_0091,0.0
TX_001148,CUST_0073,20-02-2026 23:40,91.79,shopping_online,BENEF_0152,0.0
TX_001149,CUST_0062,21-02-2026 00:47,135.11,shopping_online,BENEF_0180,0.0
TX_001150,CUST_0061,21-02-2026 02:01,34.99,utilities,BENEF_0199,0.0
TX_001151,CUST_0008,21-02-2026 03:18,147.68,grocery_pos,BENEF_0055,0.0
TX_001152,CUST_0077,21-02-2026 03:55,166.13,travel_flight,BENEF_0195,0.0
TX_001153,CUST_0096,21-02-2026 05:16,154.78,utilities,BENEF_0122,0.0
TX_001154,CUST_0028,21-02-2026 05:53,96.53,shopping_online,BENEF_0222,0.0
TX_001155,CUST_0031,21-02-2026 07:18,130.65,p2p_transfer,BENEF_0021,0.0
TX_001156,CUST_0062,21-02-2026 08:35,32.29,shopping_online,BENEF_0007,0.0
TX_001157,CUST_0096,21-02-2026 09:39,416.77,p2p_transfer,BENEF_0247,0.0
TX_001158,CUST_0003,21-02-2026 10:28,365.66,shopping_online,BENEF_0088,0.0
TX_001159,CUST_0013,21-02-2026 11:31,36.89,dining,BENEF_0191,0.0
TX_001160,CUST_0021,21-02-2026 12:01,136.28,travel_flight,BENEF_0123,0.0
TX_001161,CUST_0023,21-02-2026 12:29,300.61,grocery_pos,BENEF_0123,0.0
TX_001162,CUST_0034,21-02-2026 13:45,4034.06,travel_flight,BENEF_SUSP_9004,1.0
TX_001163,CUST_0065,21-02-2026 14:02,362.77,utilities,BENEF_0167,0.0
TX_001164,CUST_0050,21-02-2026 14:39,188.81,grocery_pos,BENEF_0038,0.0
TX_001165,CUST_0059,21-02-2026 15:25,383.32,dining,BENEF_0091,0.0
TX_001166,CUST_0082,21-02-2026 16:37,193.24,shopping_online,BENEF_0179,0.0
TX_001167,CUST_0004,21-02-2026 17:37,188.46,grocery_pos,BENEF_0183,0.0
TX_001168,CUST_0096,21-02-2026 18:17,326.09,utilities,BENEF_0186,0.0
TX_001169,CUST_0041,21-02-2026 18:42,273.04,utilities,BENEF_0095,0.0
TX_001170,CUST_0039,21-02-2026 20:08,75.59,utilities,BENEF_0152,0.0
TX_001171,CUST_0001,21-02-2026 21:03,413.01,dining,BENEF_0121,0.0
TX_001172,CUST_0077,21-02-2026 22:17,1541.45,travel_flight,BENEF_SUSP_9680,1.0
TX_001173,CUST_0097,21-02-2026 22:55,187.01,grocery_pos,BENEF_0025,0.0
TX_001174,CUST_0051,21-02-2026 23:52,22.73,electronics,BENEF_0122,0.0
TX_001175,CUST_0055,22-02-2026 01:03,399.14,travel_flight,BENEF_0122,0.0
TX_001176,CUST_0059,22-02-2026 02:01,51.53,dining,BENEF_0141,0.0
TX_001177,CUST_0037,22-02-2026 02:25,15.24,shopping_online,BENEF_0123,0.0
TX_001178,CUST_0033,22-02-2026 03:25,412.82,travel_flight,BENEF_0071,0.0
TX_001179,CUST_0098,22-02-2026 04:00,442.62,p2p_transfer,BENEF_0185,0.0
TX_001180,CUST_0023,22-02-2026 05:14,342.16,p2p_transfer,BENEF_0189,0.0
TX_001181,CUST_0055,22-02-2026 06:13,376.94,electronics,BENEF_0126,0.0
TX_001182,CUST_0081,22-02-2026 06:37,287.72,utilities,BENEF_0145,0.0
TX_001183,CUST_0052,22-02-2026 07:40,270.68,grocery_pos,BENEF_0218,0.0
TX_001184,CUST_0067,22-02-2026 08:59,332.86,utilities,BENEF_0118,0.0
TX_001185,CUST_0058,22-02-2026 09:15,155.32,travel_flight,BENEF_0035,0.0
TX_001186,CUST_0048,22-02-2026 10:11,389.4,p2p_transfer,BENEF_0085,0.0
TX_001187,CUST_0032,22-02-2026 11:23,120.49,travel_flight,BENEF_0240,0.0
TX_001188,CUST_0028,22-02-2026 12:07,117.22,dining,BENEF_0024,0.0
TX_001189,CUST_0044,22-02-2026 13:32,79.55,utilities,BENEF_0054,0.0
TX_001190,CUST_0004,22-02-2026 13:56,371.61,dining,BENEF_0114,0.0
TX_001191,CUST_0068,22-02-2026 14:56,400.58,shopping_online,BENEF_0190,0.0
TX_001192,CUST_0064,22-02-2026 16:00,180.72,shopping_online,BENEF_0127,0.0
TX_001193,CUST_0036,22-02-2026 16:30,352.09,p2p_transfer,BENEF_0234,0.0
TX_001194,CUST_0058,22-02-2026 17:26,386.49,utilities,BENEF_0216,0.0
TX_001195,CUST_0057,22-02-2026 18:11,83.49,p2p_transfer,BENEF_0017,0.0
TX_001196,CUST_0024,22-02-2026 18:42,135.44,electronics,BENEF_0036,0.0
TX_001197,CUST_0069,22-02-2026 20:03,212.7,shopping_online,BENEF_0191,0.0
TX_001198,CUST_0026,22-02-2026 20:43,237.48,p2p_transfer,BENEF_0060,0.0
TX_001199,CUST_0082,22-02-2026 21:13,123.92,shopping_online,BENEF_0220,0.0
TX_001200,CUST_0045,22-02-2026 22:38,351.47,p2p_transfer,BENEF_0164,0.0
TX_001201,CUST_0042,22-02-2026 23:15,323.21,grocery_pos,BENEF_0233,0.0
TX_001202,CUST_0046,23-02-2026 00:10,335.82,travel_flight,BENEF_0156,0.0
TX_001203,CUST_0007,23-02-2026 01:31,193.24,travel_flight,BENEF_0047,0.0
TX_001204,CUST_0018,23-02-2026 01:48,138.01,grocery_pos,BENEF_0022,0.0
TX_001205,CUST_0082,23-02-2026 03:05,117.8,grocery_pos,BENEF_0246,0.0
TX_001206,CUST_0075,23-02-2026 03:34,182.58,travel_flight,BENEF_0212,0.0
TX_001207,CUST_0067,23-02-2026 04:10,403.91,electronics,BENEF_0201,0.0
TX_001208,CUST_0051,23-02-2026 05:22,104.9,grocery_pos,BENEF_0182,0.0
TX_001209,CUST_0054,23-02-2026 06:47,197.26,grocery_pos,BENEF_0204,0.0
TX_001210,CUST_0046,23-02-2026 07:13,49.13,travel_flight,BENEF_0209,0.0
TX_001211,CUST_0077,23-02-2026 07:57,145.08,p2p_transfer,BENEF_0149,0.0
TX_001212,CUST_0033,23-02-2026 08:58,257.22,dining,BENEF_0135,0.0
TX_001213,CUST_0080,23-02-2026 09:56,134.75,electronics,BENEF_0246,0.0
TX_001214,CUST_0045,23-02-2026 11:02,368.05,travel_flight,BENEF_0192,0.0
TX_001215,CUST_0072,23-02-2026 11:19,94.35,utilities,BENEF_0172,0.0
TX_001216,CUST_0079,23-02-2026 12:01,411.13,shopping_online,BENEF_0161,0.0
TX_001217,CUST_0098,23-02-2026 12:46,294.22,electronics,BENEF_0151,0.0
TX_001218,CUST_0059,23-02-2026 13:54,256.74,travel_flight,BENEF_0136,0.0
TX_001219,CUST_0068,23-02-2026 14:20,74.59,p2p_transfer,BENEF_0161,0.0
TX_001220,CUST_0011,23-02-2026 15:13,278.0,dining,BENEF_0081,0.0
TX_001221,CUST_0075,23-02-2026 16:31,291.2,utilities,BENEF_0009,0.0
TX_001222,CUST_0078,23-02-2026 17:49,96.01,utilities,BENEF_0045,0.0
TX_001223,CUST_0031,23-02-2026 19:03,430.69,shopping_online,BENEF_0084,0.0
TX_001224,CUST_0085,23-02-2026 20:30,446.98,travel_flight,BENEF_0208,0.0
TX_001225,CUST_0075,23-02-2026 21:16,357.93,grocery_pos,BENEF_0012,0.0
TX_001226,CUST_0084,23-02-2026 21:33,447.97,grocery_pos,BENEF_0047,0.0
TX_001227,CUST_0006,23-02-2026 22:05,310.77,utilities,BENEF_0219,0.0
TX_001228,CUST_0011,23-02-2026 22:55,115.47,electronics,BENEF_0097,0.0
TX_001229,CUST_0088,23-02-2026 23:25,183.64,shopping_online,BENEF_0193,0.0
TX_001230,CUST_0050,23-02-2026 23:47,17.51,electronics,BENEF_0067,0.0
TX_001231,CUST_0088,24-02-2026 00:38,217.54,utilities,BENEF_0188,0.0
TX_001232,CUST_0079,24-02-2026 00:57,232.8,travel_flight,BENEF_0050,0.0
TX_001233,CUST_0082,24-02-2026 01:54,402.59,utilities,BENEF_0024,0.0
TX_001234,CUST_0046,24-02-2026 02:43,60.01,utilities,BENEF_0053,0.0
TX_001235,CUST_0100,24-02-2026 03:17,166.16,dining,BENEF_0247,0.0
TX_001236,CUST_0009,24-02-2026 04:00,176.46,dining,BENEF_0137,0.0
TX_001237,CUST_0087,24-02-2026 05:10,405.8,grocery_pos,BENEF_0040,0.0
TX_001238,CUST_0003,24-02-2026 06:09,309.83,grocery_pos,BENEF_0061,0.0
TX_001239,CUST_0003,24-02-2026 07:36,433.73,travel_flight,BENEF_0139,0.0
TX_001240,CUST_0073,24-02-2026 09:04,245.76,utilities,BENEF_0113,0.0
TX_001241,CUST_0078,24-02-2026 10:14,227.87,p2p_transfer,BENEF_0155,0.0
TX_001242,CUST_0003,24-02-2026 10:44,351.65,shopping_online,BENEF_0207,0.0
TX_001243,CUST_0008,24-02-2026 11:06,297.53,shopping_online,BENEF_0180,0.0
TX_001244,CUST_0015,24-02-2026 12:34,64.64,utilities,BENEF_0108,0.0
TX_001245,CUST_0080,24-02-2026 13:00,331.51,dining,BENEF_0028,0.0
TX_001246,CUST_0041,24-02-2026 13:55,240.0,utilities,BENEF_0145,0.0
TX_001247,CUST_0073,24-02-2026 15:08,82.07,p2p_transfer,BENEF_0128,0.0
TX_001248,CUST_0099,24-02-2026 16:02,82.63,utilities,BENEF_0244,0.0
TX_001249,CUST_0049,24-02-2026 17:15,225.14,dining,BENEF_0243,0.0
TX_001250,CUST_0048,24-02-2026 18:42,417.23,electronics,BENEF_0048,0.0
TX_001251,CUST_0049,24-02-2026 19:01,265.87,dining,BENEF_0139,0.0
TX_001252,CUST_0048,24-02-2026 19:32,350.71,grocery_pos,BENEF_0049,0.0
TX_001253,CUST_0062,24-02-2026 20:47,271.31,grocery_pos,BENEF_0174,0.0
TX_001254,CUST_0087,24-02-2026 22:09,380.03,shopping_online,BENEF_0211,0.0
TX_001255,CUST_0012,24-02-2026 23:16,148.51,shopping_online,BENEF_0106,0.0
TX_001256,CUST_0066,25-02-2026 00:00,385.43,travel_flight,BENEF_0246,0.0
TX_001257,CUST_0094,25-02-2026 01:02,423.47,shopping_online,BENEF_0038,0.0
TX_001258,CUST_0025,25-02-2026 01:52,64.44,travel_flight,BENEF_0220,0.0
TX_001259,CUST_0029,25-02-2026 02:14,258.5,dining,BENEF_0129,0.0
TX_001260,CUST_0007,25-02-2026 03:43,163.61,electronics,BENEF_0156,0.0
TX_001261,CUST_0092,25-02-2026 04:35,429.67,dining,BENEF_0103,0.0
TX_001262,CUST_0042,25-02-2026 05:50,165.26,travel_flight,BENEF_0179,0.0
TX_001263,CUST_0070,25-02-2026 06:26,95.82,shopping_online,BENEF_0179,0.0
TX_001264,CUST_0007,25-02-2026 07:40,119.47,grocery_pos,BENEF_0158,0.0
TX_001265,CUST_0023,25-02-2026 07:56,342.42,dining,BENEF_0150,0.0
TX_001266,CUST_0042,25-02-2026 09:24,932.1,dining,BENEF_SUSP_9861,1.0
TX_001267,CUST_0037,25-02-2026 09:39,405.56,dining,BENEF_0186,0.0
TX_001268,CUST_0015,25-02-2026 11:05,329.24,electronics,BENEF_0005,0.0
TX_001269,CUST_0041,25-02-2026 11:44,249.62,grocery_pos,BENEF_0086,0.0
TX_001270,CUST_0049,25-02-2026 12:57,400.33,p2p_transfer,BENEF_0223,0.0
TX_001271,CUST_0047,25-02-2026 13:58,299.79,electronics,BENEF_0205,0.0
TX_001272,CUST_0071,25-02-2026 15:19,205.65,p2p_transfer,BENEF_0029,0.0
TX_001273,CUST_0038,25-02-2026 16:16,171.79,utilities,BENEF_0085,0.0
TX_001274,CUST_0044,25-02-2026 17:44,298.31,shopping_online,BENEF_0099,0.0
TX_001275,CUST_0096,25-02-2026 19:04,1217.9,shopping_online,BENEF_SUSP_9283,1.0
TX_001276,CUST_0025,25-02-2026 19:42,280.1,dining,BENEF_0092,0.0
TX_001277,CUST_0014,25-02-2026 21:07,390.85,grocery_pos,BENEF_0034,0.0
TX_001278,CUST_0080,25-02-2026 22:36,31.03,utilities,BENEF_0185,0.0
TX_001279,CUST_0096,25-02-2026 23:00,309.77,dining,BENEF_0187,0.0
TX_001280,CUST_0035,25-02-2026 23:19,151.75,utilities,BENEF_0064,0.0
TX_001281,CUST_0049,26-02-2026 00:30,374.64,dining,BENEF_0061,0.0
TX_001282,CUST_0051,26-02-2026 01:50,83.99,utilities,BENEF_0213,0.0
TX_001283,CUST_0055,26-02-2026 02:44,419.11,travel_flight,BENEF_0163,0.0
TX_001284,CUST_0016,26-02-2026 03:29,180.6,shopping_online,BENEF_0060,0.0
TX_001285,CUST_0099,26-02-2026 04:49,283.73,electronics,BENEF_0012,0.0
TX_001286,CUST_0084,26-02-2026 05:21,443.38,utilities,BENEF_0084,0.0
TX_001287,CUST_0011,26-02-2026 05:52,188.36,dining,BENEF_0103,0.0
TX_001288,CUST_0032,26-02-2026 07:01,30.24,dining,BENEF_0049,0.0
TX_001289,CUST_0068,26-02-2026 07:58,173.36,shopping_online,BENEF_0048,0.0
TX_001290,CUST_0089,26-02-2026 08:47,231.83,grocery_pos,BENEF_0062,0.0
TX_001291,CUST_0092,26-02-2026 09:21,226.07,electronics,BENEF_0170,0.0
TX_001292,CUST_0041,26-02-2026 09:37,119.85,dining,BENEF_0176,0.0
TX_001293,CUST_0077,26-02-2026 10:07,82.45,shopping_online,BENEF_0222,0.0
TX_001294,CUST_0098,26-02-2026 10:38,174.45,p2p_transfer,BENEF_0035,0.0
TX_001295,CUST_0048,26-02-2026 11:08,47.63,grocery_pos,BENEF_0105,0.0
TX_001296,CUST_0077,26-02-2026 12:27,328.42,travel_flight,BENEF_0154,0.0
TX_001297,CUST_0034,26-02-2026 13:17,367.75,utilities,BENEF_0124,0.0
TX_001298,CUST_0076,26-02-2026 14:17,1710.81,travel_flight,BENEF_SUSP_9615,1.0
TX_001299,CUST_0023,26-02-2026 14:55,66.82,shopping_online,BENEF_0192,0.0
TX_001300,CUST_0037,26-02-2026 15:44,375.68,electronics,BENEF_0089,0.0
TX_001301,CUST_0085,26-02-2026 16:49,164.07,travel_flight,BENEF_0113,0.0
TX_001302,CUST_0075,26-02-2026 18:11,341.89,grocery_pos,BENEF_0164,0.0
TX_001303,CUST_0080,26-02-2026 19:36,235.34,electronics,BENEF_0041,0.0
TX_001304,CUST_0058,26-02-2026 20:57,114.34,electronics,BENEF_0112,0.0
TX_001305,CUST_0045,26-02-2026 22:27,21.41,dining,BENEF_0198,0.0
TX_001306,CUST_0069,26-02-2026 23:34,278.7,utilities,BENEF_0080,0.0
TX_001307,CUST_0014,27-02-2026 00:34,99.49,shopping_online,BENEF_0043,0.0
TX_001308,CUST_0004,27-02-2026 01:33,153.31,p2p_transfer,BENEF_0200,0.0
TX_001309,CUST_0096,27-02-2026 03:00,257.59,p2p_transfer,BENEF_0214,0.0
TX_001310,CUST_0028,27-02-2026 04:23,321.56,dining,BENEF_0013,0.0
TX_001311,CUST_0007,27-02-2026 05:10,179.54,dining,BENEF_0059,0.0
TX_001312,CUST_0060,27-02-2026 05:37,268.23,grocery_pos,BENEF_0152,0.0
TX_001313,CUST_0020,27-02-2026 06:28,260.44,utilities,BENEF_0103,0.0
TX_001314,CUST_0064,27-02-2026 07:02,363.25,electronics,BENEF_0053,0.0
TX_001315,CUST_0003,27-02-2026 08:17,313.13,shopping_online,BENEF_0024,0.0
TX_001316,CUST_0055,27-02-2026 09:09,114.33,shopping_online,BENEF_0135,0.0
TX_001317,CUST_0071,27-02-2026 10:27,227.49,dining,BENEF_0141,0.0
TX_001318,CUST_0004,27-02-2026 11:29,385.2,p2p_transfer,BENEF_0077,0.0
TX_001319,CUST_0021,27-02-2026 12:09,389.14,travel_flight,BENEF_0202,0.0
TX_001320,CUST_0032,27-02-2026 13:17,76.71,travel_flight,BENEF_0227,0.0
TX_001321,CUST_0085,27-02-2026 13:50,300.29,dining,BENEF_0160,0.0
TX_001322,CUST_0098,27-02-2026 14:24,265.66,dining,BENEF_0061,0.0
TX_001323,CUST_0092,27-02-2026 15:33,407.74,shopping_online,BENEF_0021,0.0
TX_001324,CUST_0042,27-02-2026 16:27,112.13,electronics,BENEF_0157,0.0
TX_001325,CUST_0027,27-02-2026 17:11,138.74,dining,BENEF_0120,0.0
TX_001326,CUST_0023,27-02-2026 17:50,361.8,p2p_transfer,BENEF_0231,0.0
TX_001327,CUST_0017,27-02-2026 18:25,173.34,travel_flight,BENEF_0124,0.0
TX_001328,CUST_0052,27-02-2026 19:01,376.01,electronics,BENEF_0172,0.0
TX_001329,CUST_0100,27-02-2026 20:10,287.99,grocery_pos,BENEF_0179,0.0
TX_001330,CUST_0089,27-02-2026 20:33,19.02,travel_flight,BENEF_0018,0.0
TX_001331,CUST_0041,27-02-2026 21:42,404.05,utilities,BENEF_0103,0.0
TX_001332,CUST_0028,27-02-2026 22:26,218.59,utilities,BENEF_0243,0.0
TX_001333,CUST_0042,27-02-2026 23:25,415.18,grocery_pos,BENEF_0243,0.0
TX_001334,CUST_0034,28-02-2026 00:45,28.74,grocery_pos,BENEF_0151,0.0
TX_001335,CUST_0096,28-02-2026 02:02,23.27,shopping_online,BENEF_0004,0.0
TX_001336,CUST_0088,28-02-2026 03:31,348.38,utilities,BENEF_0195,0.0
TX_001337,CUST_0028,28-02-2026 04:54,399.84,travel_flight,BENEF_0181,0.0
TX_001338,CUST_0091,28-02-2026 05:35,276.3,dining,BENEF_0232,0.0
TX_001339,CUST_0025,28-02-2026 07:02,70.95,shopping_online,BENEF_0189,0.0
TX_001340,CUST_0080,28-02-2026 07:38,41.57,grocery_pos,BENEF_0146,0.0
TX_001341,CUST_0031,28-02-2026 08:23,4177.36,shopping_online,BENEF_SUSP_9594,1.0
TX_001342,CUST_0072,28-02-2026 09:44,146.03,travel_flight,BENEF_0005,0.0
TX_001343,CUST_0087,28-02-2026 11:06,447.79,utilities,BENEF_0212,0.0
TX_001344,CUST_0017,28-02-2026 12:26,18.04,p2p_transfer,BENEF_0004,0.0
TX_001345,CUST_0032,28-02-2026 13:37,412.27,utilities,BENEF_0008,0.0
TX_001346,CUST_0051,28-02-2026 13:55,28.53,grocery_pos,BENEF_0030,0.0
TX_001347,CUST_0098,28-02-2026 15:25,387.13,grocery_pos,BENEF_0084,0.0
TX_001348,CUST_0047,28-02-2026 16:16,420.39,p2p_transfer,BENEF_0165,0.0
TX_001349,CUST_0001,28-02-2026 16:52,343.06,dining,BENEF_0164,0.0
TX_001350,CUST_0039,28-02-2026 18:00,89.54,grocery_pos,BENEF_0013,0.0
TX_001351,CUST_0082,28-02-2026 18:27,442.42,shopping_online,BENEF_0076,0.0
TX_001352,CUST_0081,28-02-2026 19:31,114.78,grocery_pos,BENEF_0065,0.0
TX_001353,CUST_0026,28-02-2026 20:34,31.84,shopping_online,BENEF_0094,0.0
TX_001354,CUST_0023,28-02-2026 21:32,103.97,dining,BENEF_0186,0.0
TX_001355,CUST_0096,28-02-2026 22:11,392.29,p2p_transfer,BENEF_0065,0.0
TX_001356,CUST_0027,28-02-2026 23:03,274.31,utilities,BENEF_0013,0.0
TX_001357,CUST_0039,28-02-2026 23:31,308.88,utilities,BENEF_0111,0.0
TX_001358,CUST_0065,01-03-2026 00:40,3006.31,p2p_transfer,BENEF_SUSP_9677,1.0
TX_001359,CUST_0100,01-03-2026 01:42,26.74,dining,BENEF_0141,0.0
TX_001360,CUST_0068,01-03-2026 02:29,388.85,travel_flight,BENEF_0184,0.0
TX_001361,CUST_0094,01-03-2026 02:46,21.57,shopping_online,BENEF_0014,0.0
TX_001362,CUST_0084,01-03-2026 04:01,72.33,p2p_transfer,BENEF_0166,0.0
TX_001363,CUST_0026,01-03-2026 05:00,381.68,dining,BENEF_0207,0.0
TX_001364,CUST_0048,01-03-2026 06:17,193.08,shopping_online,BENEF_0166,0.0
TX_001365,CUST_0091,01-03-2026 06:41,405.18,shopping_online,BENEF_0082,0.0
TX_001366,CUST_0094,01-03-2026 07:48,20.68,p2p_transfer,BENEF_0059,0.0
TX_001367,CUST_0092,01-03-2026 08:27,415.54,grocery_pos,BENEF_0193,0.0
TX_001368,CUST_0016,01-03-2026 09:45,40.73,p2p_transfer,BENEF_0235,0.0
TX_001369,CUST_0026,01-03-2026 10:48,30.86,p2p_transfer,BENEF_0235,0.0
TX_001370,CUST_0030,01-03-2026 11:50,397.59,shopping_online,BENEF_0148,0.0
TX_001371,CUST_0078,01-03-2026 13:07,286.01,shopping_online,BENEF_0182,0.0
TX_001372,CUST_0027,01-03-2026 13:23,288.46,p2p_transfer,BENEF_0094,0.0
TX_001373,CUST_0058,01-03-2026 14:13,213.49,grocery_pos,BENEF_0229,0.0
TX_001374,CUST_0062,01-03-2026 15:36,20.77,grocery_pos,BENEF_0204,0.0
TX_001375,CUST_0036,01-03-2026 15:51,23.63,travel_flight,BENEF_0215,0.0
TX_001376,CUST_0078,01-03-2026 16:14,40.07,shopping_online,BENEF_0198,0.0
TX_001377,CUST_0078,01-03-2026 17:31,439.33,grocery_pos,BENEF_0119,0.0
TX_001378,CUST_0010,01-03-2026 18:35,395.83,travel_flight,BENEF_0052,0.0
TX_001379,CUST_0087,01-03-2026 19:15,114.4,shopping_online,BENEF_0110,0.0
TX_001380,CUST_0100,01-03-2026 19:41,102.14,grocery_pos,BENEF_0074,0.0
TX_001381,CUST_0054,01-03-2026 19:56,61.21,travel_flight,BENEF_0053,0.0
TX_001382,CUST_0013,01-03-2026 21:26,157.31,utilities,BENEF_0243,0.0
TX_001383,CUST_0059,01-03-2026 22:35,36.4,p2p_transfer,BENEF_0199,0.0
TX_001384,CUST_0084,01-03-2026 22:52,4092.46,p2p_transfer,BENEF_SUSP_9360,1.0
TX_001385,CUST_0039,01-03-2026 23:36,440.36,grocery_pos,BENEF_0038,0.0
TX_001386,CUST_0084,02-03-2026 00:59,78.41,utilities,BENEF_0139,0.0
TX_001387,CUST_0052,02-03-2026 02:00,82.52,travel_flight,BENEF_0188,0.0
TX_001388,CUST_0042,02-03-2026 02:25,311.33,p2p_transfer,BENEF_0229,0.0
TX_001389,CUST_0071,02-03-2026 03:44,76.16,grocery_pos,BENEF_0030,0.0
TX_001390,CUST_0056,02-03-2026 05:05,113.31,travel_flight,BENEF_0223,0.0
TX_001391,CUST_0024,02-03-2026 05:51,250.51,utilities,BENEF_0019,0.0
TX_001392,CUST_0015,02-03-2026 06:57,159.56,grocery_pos,BENEF_0201,0.0
TX_001393,CUST_0026,02-03-2026 07:25,196.39,shopping_online,BENEF_0068,0.0
TX_001394,CUST_0034,02-03-2026 08:10,217.3,grocery_pos,BENEF_0153,0.0
TX_001395,CUST_0016,02-03-2026 09:17,120.76,electronics,BENEF_0078,0.0
TX_001396,CUST_0008,02-03-2026 10:01,111.28,electronics,BENEF_0159,0.0
TX_001397,CUST_0071,02-03-2026 11:08,388.36,dining,BENEF_0169,0.0
TX_001398,CUST_0086,02-03-2026 11:39,358.28,p2p_transfer,BENEF_0214,0.0
TX_001399,CUST_0017,02-03-2026 12:17,98.48,p2p_transfer,BENEF_0047,0.0
TX_001400,CUST_0069,02-03-2026 13:04,353.03,grocery_pos,BENEF_0026,0.0
TX_001401,CUST_0030,02-03-2026 13:40,122.38,p2p_transfer,BENEF_0133,0.0
TX_001402,CUST_0051,02-03-2026 14:39,429.39,grocery_pos,BENEF_0112,0.0
TX_001403,CUST_0062,02-03-2026 15:31,114.39,electronics,BENEF_0006,0.0
TX_001404,CUST_0031,02-03-2026 16:45,411.53,shopping_online,BENEF_0133,0.0
TX_001405,CUST_0057,02-03-2026 17:38,114.29,grocery_pos,BENEF_0054,0.0
TX_001406,CUST_0039,02-03-2026 18:07,46.72,shopping_online,BENEF_0186,0.0
TX_001407,CUST_0007,02-03-2026 18:36,366.11,grocery_pos,BENEF_0084,0.0
TX_001408,CUST_0091,02-03-2026 19:16,95.26,electronics,BENEF_0029,0.0
TX_001409,CUST_0071,02-03-2026 19:54,230.9,p2p_transfer,BENEF_0198,0.0
TX_001410,CUST_0025,02-03-2026 20:55,197.75,grocery_pos,BENEF_0097,0.0
TX_001411,CUST_0095,02-03-2026 21:47,366.36,travel_flight,BENEF_0004,0.0
TX_001412,CUST_0052,02-03-2026 22:58,258.75,p2p_transfer,BENEF_0247,0.0
TX_001413,CUST_0037,02-03-2026 23:15,25.96,p2p_transfer,BENEF_0115,0.0
TX_001414,CUST_0056,03-03-2026 00:29,148.34,shopping_online,BENEF_0246,0.0
TX_001415,CUST_0068,03-03-2026 01:59,311.73,grocery_pos,BENEF_0033,0.0
TX_001416,CUST_0057,03-03-2026 02:32,362.91,travel_flight,BENEF_0091,0.0
TX_001417,CUST_0058,03-03-2026 03:30,435.61,electronics,BENEF_0074,0.0
TX_001418,CUST_0082,03-03-2026 04:35,359.07,dining,BENEF_0016,0.0
TX_001419,CUST_0006,03-03-2026 05:46,186.86,shopping_online,BENEF_0145,0.0
TX_001420,CUST_0063,03-03-2026 06:15,255.4,shopping_online,BENEF_0103,0.0
TX_001421,CUST_0053,03-03-2026 06:57,92.74,electronics,BENEF_0184,0.0
TX_001422,CUST_0072,03-03-2026 07:34,53.16,utilities,BENEF_0088,0.0
TX_001423,CUST_0080,03-03-2026 08:43,36.45,dining,BENEF_0039,0.0
TX_001424,CUST_0099,03-03-2026 09:07,184.31,shopping_online,BENEF_0070,0.0
TX_001425,CUST_0081,03-03-2026 10:07,209.8,utilities,BENEF_0107,0.0
TX_001426,CUST_0073,03-03-2026 11:36,256.56,shopping_online,BENEF_0002,0.0
TX_001427,CUST_0068,03-03-2026 12:16,445.32,travel_flight,BENEF_0248,0.0
TX_001428,CUST_0039,03-03-2026 12:54,140.31,grocery_pos,BENEF_0005,0.0
TX_001429,CUST_0014,03-03-2026 13:09,128.76,shopping_online,BENEF_0199,0.0
TX_001430,CUST_0060,03-03-2026 14:13,3986.59,p2p_transfer,BENEF_SUSP_9588,1.0
TX_001431,CUST_0068,03-03-2026 15:43,422.82,utilities,BENEF_0103,0.0
TX_001432,CUST_0011,03-03-2026 16:26,403.71,shopping_online,BENEF_0125,0.0
TX_001433,CUST_0051,03-03-2026 17:03,110.39,electronics,BENEF_0135,0.0
TX_001434,CUST_0014,03-03-2026 17:59,184.77,utilities,BENEF_0202,0.0
TX_001435,CUST_0099,03-03-2026 19:10,83.97,utilities,BENEF_0225,0.0
TX_001436,CUST_0074,03-03-2026 19:40,230.09,electronics,BENEF_0082,0.0
TX_001437,CUST_0053,03-03-2026 19:57,70.28,p2p_transfer,BENEF_0005,0.0
TX_001438,CUST_0029,03-03-2026 20:13,344.46,shopping_online,BENEF_0074,0.0
TX_001439,CUST_0037,03-03-2026 20:47,202.05,dining,BENEF_0102,0.0
TX_001440,CUST_0074,03-03-2026 21:39,273.82,p2p_transfer,BENEF_0075,0.0
TX_001441,CUST_0034,03-03-2026 23:09,447.21,shopping_online,BENEF_0044,0.0
TX_001442,CUST_0002,04-03-2026 00:20,354.06,dining,BENEF_0018,0.0
TX_001443,CUST_0052,04-03-2026 00:51,224.94,travel_flight,BENEF_0083,0.0
TX_001444,CUST_0074,04-03-2026 01:37,266.18,travel_flight,BENEF_0120,0.0
TX_001445,CUST_0036,04-03-2026 03:00,78.82,utilities,BENEF_0025,0.0
TX_001446,CUST_0043,04-03-2026 04:28,291.31,travel_flight,BENEF_0029,0.0
TX_001447,CUST_0085,04-03-2026 05:42,152.61,electronics,BENEF_0023,0.0
TX_001448,CUST_0057,04-03-2026 07:12,343.93,utilities,BENEF_0140,0.0
TX_001449,CUST_0028,04-03-2026 08:15,133.91,shopping_online,BENEF_0023,0.0
TX_001450,CUST_0018,04-03-2026 09:08,305.08,shopping_online,BENEF_0116,0.0
TX_001451,CUST_0076,04-03-2026 10:31,323.87,shopping_online,BENEF_0158,0.0
TX_001452,CUST_0002,04-03-2026 11:11,175.81,dining,BENEF_0067,0.0
TX_001453,CUST_0077,04-03-2026 11:44,361.58,shopping_online,BENEF_0100,0.0
TX_001454,CUST_0029,04-03-2026 12:09,42.08,travel_flight,BENEF_0246,0.0
TX_001455,CUST_0059,04-03-2026 13:20,273.09,electronics,BENEF_0074,0.0
TX_001456,CUST_0001,04-03-2026 13:49,24.19,dining,BENEF_0185,0.0
TX_001457,CUST_0040,04-03-2026 14:06,385.71,electronics,BENEF_0206,0.0
TX_001458,CUST_0099,04-03-2026 14:47,213.84,travel_flight,BENEF_0027,0.0
TX_001459,CUST_0038,04-03-2026 16:07,387.31,shopping_online,BENEF_0192,0.0
TX_001460,CUST_0034,04-03-2026 16:31,63.88,shopping_online,BENEF_0019,0.0
TX_001461,CUST_0043,04-03-2026 16:48,63.58,p2p_transfer,BENEF_0058,0.0
TX_001462,CUST_0036,04-03-2026 17:46,442.03,p2p_transfer,BENEF_0070,0.0
TX_001463,CUST_0027,04-03-2026 18:26,223.71,grocery_pos,BENEF_0018,0.0
TX_001464,CUST_0048,04-03-2026 18:55,387.35,travel_flight,BENEF_0092,0.0
TX_001465,CUST_0100,04-03-2026 19:37,432.34,grocery_pos,BENEF_0019,0.0
TX_001466,CUST_0037,04-03-2026 20:44,68.21,travel_flight,BENEF_0229,0.0
TX_001467,CUST_0058,04-03-2026 21:54,154.78,utilities,BENEF_0063,0.0
TX_001468,CUST_0088,04-03-2026 23:14,147.93,dining,BENEF_0222,0.0
TX_001469,CUST_0065,04-03-2026 23:40,1768.59,utilities,BENEF_SUSP_9608,1.0
TX_001470,CUST_0065,05-03-2026 00:19,408.83,grocery_pos,BENEF_0220,0.0
TX_001471,CUST_0041,05-03-2026 01:34,224.0,electronics,BENEF_0127,0.0
TX_001472,CUST_0079,05-03-2026 02:20,360.31,travel_flight,BENEF_0165,0.0
TX_001473,CUST_0054,05-03-2026 03:09,249.72,shopping_online,BENEF_0241,0.0
TX_001474,CUST_0031,05-03-2026 04:26,188.1,travel_flight,BENEF_0201,0.0
TX_001475,CUST_0021,05-03-2026 05:49,72.76,electronics,BENEF_0111,0.0
TX_001476,CUST_0039,05-03-2026 06:30,346.39,utilities,BENEF_0042,0.0
TX_001477,CUST_0038,05-03-2026 07:36,202.22,p2p_transfer,BENEF_0074,0.0
TX_001478,CUST_0034,05-03-2026 08:23,28.96,travel_flight,BENEF_0219,0.0
TX_001479,CUST_0053,05-03-2026 08:59,113.01,p2p_transfer,BENEF_0224,0.0
TX_001480,CUST_0012,05-03-2026 10:29,352.41,electronics,BENEF_0148,0.0
TX_001481,CUST_0013,05-03-2026 11:12,27.25,shopping_online,BENEF_0209,0.0
TX_001482,CUST_0075,05-03-2026 11:41,110.78,grocery_pos,BENEF_0157,0.0
TX_001483,CUST_0017,05-03-2026 12:09,201.8,p2p_transfer,BENEF_0190,0.0
TX_001484,CUST_0028,05-03-2026 13:01,81.61,grocery_pos,BENEF_0164,0.0
TX_001485,CUST_0085,05-03-2026 14:12,417.61,travel_flight,BENEF_0028,0.0
TX_001486,CUST_0075,05-03-2026 15:00,331.79,dining,BENEF_0015,0.0
TX_001487,CUST_0048,05-03-2026 15:49,157.41,grocery_pos,BENEF_0102,0.0
TX_001488,CUST_0088,05-03-2026 16:40,411.61,utilities,BENEF_0142,0.0
TX_001489,CUST_0082,05-03-2026 17:54,20.83,p2p_transfer,BENEF_0007,0.0
TX_001490,CUST_0034,05-03-2026 18:15,434.72,electronics,BENEF_0040,0.0
TX_001491,CUST_0064,05-03-2026 18:59,399.31,utilities,BENEF_0075,0.0
TX_001492,CUST_0093,05-03-2026 19:41,314.43,p2p_transfer,BENEF_0037,0.0
TX_001493,CUST_0046,05-03-2026 20:21,434.94,grocery_pos,BENEF_0184,0.0
TX_001494,CUST_0014,05-03-2026 21:22,48.41,travel_flight,BENEF_0247,0.0
TX_001495,CUST_0002,05-03-2026 22:07,317.41,grocery_pos,BENEF_0085,0.0
TX_001496,CUST_0019,05-03-2026 23:29,354.58,dining,BENEF_0107,0.0
TX_001497,CUST_0005,06-03-2026 00:56,1681.11,p2p_transfer,BENEF_SUSP_9072,1.0
TX_001498,CUST_0039,06-03-2026 01:42,318.81,grocery_pos,BENEF_0134,0.0
TX_001499,CUST_0083,06-03-2026 02:49,51.83,grocery_pos,BENEF_0213,0.0
TX_001500,CUST_0099,06-03-2026 03:29,30.5,travel_flight,BENEF_0200,0.0
TX_001501,CUST_0031,06-03-2026 03:44,57.86,travel_flight,BENEF_0082,0.0
TX_001502,CUST_0023,06-03-2026 04:22,211.19,grocery_pos,BENEF_0166,0.0
TX_001503,CUST_0098,06-03-2026 05:49,248.46,travel_flight,BENEF_0194,0.0
TX_001504,CUST_0005,06-03-2026 06:55,393.95,utilities,BENEF_0131,0.0
TX_001505,CUST_0033,06-03-2026 08:24,49.13,grocery_pos,BENEF_0109,0.0
TX_001506,CUST_0015,06-03-2026 09:52,361.98,p2p_transfer,BENEF_0079,0.0
TX_001507,CUST_0082,06-03-2026 11:20,241.43,grocery_pos,BENEF_0134,0.0
TX_001508,CUST_0058,06-03-2026 12:26,221.97,grocery_pos,BENEF_0030,0.0
TX_001509,CUST_0085,06-03-2026 13:07,242.93,shopping_online,BENEF_0229,0.0
TX_001510,CUST_0004,06-03-2026 13:31,20.58,travel_flight,BENEF_0219,0.0
TX_001511,CUST_0070,06-03-2026 13:56,151.06,electronics,BENEF_0190,0.0
TX_001512,CUST_0048,06-03-2026 15:09,311.36,shopping_online,BENEF_0238,0.0
TX_001513,CUST_0006,06-03-2026 16:36,442.05,grocery_pos,BENEF_0182,0.0
TX_001514,CUST_0049,06-03-2026 17:27,429.62,travel_flight,BENEF_0140,0.0
TX_001515,CUST_0038,06-03-2026 18:54,251.23,dining,BENEF_0019,0.0
TX_001516,CUST_0090,06-03-2026 19:38,281.11,utilities,BENEF_0056,0.0
TX_001517,CUST_0067,06-03-2026 20:37,233.8,utilities,BENEF_0126,0.0
TX_001518,CUST_0085,06-03-2026 21:15,403.02,p2p_transfer,BENEF_0048,0.0
TX_001519,CUST_0067,06-03-2026 22:25,221.83,dining,BENEF_0055,0.0
TX_001520,CUST_0099,06-03-2026 23:26,363.09,utilities,BENEF_0109,0.0
TX_001521,CUST_0071,07-03-2026 00:26,328.38,utilities,BENEF_0163,0.0
TX_001522,CUST_0075,07-03-2026 01:24,21.12,shopping_online,BENEF_0077,0.0
TX_001523,CUST_0027,07-03-2026 02:47,444.11,shopping_online,BENEF_0136,0.0
TX_001524,CUST_0010,07-03-2026 03:56,193.69,grocery_pos,BENEF_0096,0.0
TX_001525,CUST_0072,07-03-2026 04:38,407.51,grocery_pos,BENEF_0126,0.0
TX_001526,CUST_0029,07-03-2026 05:01,443.04,grocery_pos,BENEF_0079,0.0
TX_001527,CUST_0005,07-03-2026 05:55,119.44,shopping_online,BENEF_0232,0.0
TX_001528,CUST_0025,07-03-2026 06:42,211.26,dining,BENEF_0137,0.0
TX_001529,CUST_0073,07-03-2026 07:05,294.58,utilities,BENEF_0210,0.0
TX_001530,CUST_0092,07-03-2026 07:28,442.79,electronics,BENEF_0116,0.0
TX_001531,CUST_0054,07-03-2026 08:12,119.95,p2p_transfer,BENEF_0084,0.0
TX_001532,CUST_0074,07-03-2026 09:30,364.72,utilities,BENEF_0187,0.0
TX_001533,CUST_0089,07-03-2026 10:01,394.81,dining,BENEF_0105,0.0
TX_001534,CUST_0055,07-03-2026 11:31,205.07,p2p_transfer,BENEF_0052,0.0
TX_001535,CUST_0014,07-03-2026 12:01,401.57,grocery_pos,BENEF_0062,0.0
TX_001536,CUST_0071,07-03-2026 12:43,261.93,shopping_online,BENEF_0160,0.0
TX_001537,CUST_0024,07-03-2026 13:21,258.62,utilities,BENEF_0169,0.0
TX_001538,CUST_0055,07-03-2026 14:47,33.59,travel_flight,BENEF_0233,0.0
TX_001539,CUST_0099,07-03-2026 15:02,77.95,travel_flight,BENEF_0223,0.0
TX_001540,CUST_0037,07-03-2026 16:06,341.6,grocery_pos,BENEF_0051,0.0
TX_001541,CUST_0056,07-03-2026 17:16,412.32,p2p_transfer,BENEF_0247,0.0
TX_001542,CUST_0040,07-03-2026 18:39,21.01,shopping_online,BENEF_0130,0.0
TX_001543,CUST_0086,07-03-2026 19:15,206.39,travel_flight,BENEF_0178,0.0
TX_001544,CUST_0091,07-03-2026 19:54,200.61,p2p_transfer,BENEF_0151,0.0
TX_001545,CUST_0063,07-03-2026 20:52,174.51,dining,BENEF_0240,0.0
TX_001546,CUST_0024,07-03-2026 21:45,212.7,electronics,BENEF_0202,0.0
TX_001547,CUST_0092,07-03-2026 22:04,128.64,dining,BENEF_0167,0.0
TX_001548,CUST_0064,07-03-2026 22:43,199.33,electronics,BENEF_0140,0.0
TX_001549,CUST_0003,08-03-2026 00:08,384.38,travel_flight,BENEF_0114,0.0
TX_001550,CUST_0058,08-03-2026 01:21,311.78,electronics,BENEF_0043,0.0
TX_001551,CUST_0092,08-03-2026 02:26,414.58,electronics,BENEF_0247,0.0
TX_001552,CUST_0040,08-03-2026 03:29,195.35,p2p_transfer,BENEF_0109,0.0
TX_001553,CUST_0064,08-03-2026 03:46,403.28,grocery_pos,BENEF_0113,0.0
TX_001554,CUST_0024,08-03-2026 04:30,367.68,travel_flight,BENEF_0069,0.0
TX_001555,CUST_0097,08-03-2026 05:48,114.51,dining,BENEF_0052,0.0
TX_001556,CUST_0058,08-03-2026 07:05,240.01,travel_flight,BENEF_0028,0.0
TX_001557,CUST_0058,08-03-2026 08:32,123.89,grocery_pos,BENEF_0194,0.0
TX_001558,CUST_0053,08-03-2026 09:34,314.79,shopping_online,BENEF_0144,0.0
TX_001559,CUST_0049,08-03-2026 10:50,20.75,travel_flight,BENEF_0234,0.0
TX_001560,CUST_0031,08-03-2026 11:33,231.58,electronics,BENEF_0055,0.0
TX_001561,CUST_0029,08-03-2026 12:01,64.29,grocery_pos,BENEF_0080,0.0
TX_001562,CUST_0011,08-03-2026 12:19,108.58,electronics,BENEF_0056,0.0
TX_001563,CUST_0031,08-03-2026 12:40,238.93,electronics,BENEF_0171,0.0
TX_001564,CUST_0071,08-03-2026 14:04,127.11,grocery_pos,BENEF_0126,0.0
TX_001565,CUST_0089,08-03-2026 15:05,64.22,utilities,BENEF_0035,0.0
TX_001566,CUST_0030,08-03-2026 15:28,269.55,shopping_online,BENEF_0044,0.0
TX_001567,CUST_0094,08-03-2026 16:23,378.31,grocery_pos,BENEF_0064,0.0
TX_001568,CUST_0014,08-03-2026 17:21,358.72,electronics,BENEF_0048,0.0
TX_001569,CUST_0077,08-03-2026 18:05,218.42,p2p_transfer,BENEF_0159,0.0
TX_001570,CUST_0008,08-03-2026 18:32,110.57,travel_flight,BENEF_0173,0.0
TX_001571,CUST_0079,08-03-2026 20:00,54.56,dining,BENEF_0026,0.0
TX_001572,CUST_0047,08-03-2026 21:18,57.2,grocery_pos,BENEF_0035,0.0
TX_001573,CUST_0022,08-03-2026 22:43,318.06,electronics,BENEF_0007,0.0
TX_001574,CUST_0058,08-03-2026 23:25,304.53,travel_flight,BENEF_0104,0.0
TX_001575,CUST_0066,09-03-2026 00:34,411.59,travel_flight,BENEF_0083,0.0
TX_001576,CUST_0007,09-03-2026 01:55,161.01,dining,BENEF_0187,0.0
TX_001577,CUST_0011,09-03-2026 02:57,408.88,p2p_transfer,BENEF_0121,0.0
TX_001578,CUST_0064,09-03-2026 03:57,410.79,shopping_online,BENEF_0177,0.0
TX_001579,CUST_0091,09-03-2026 04:18,351.88,dining,BENEF_0004,0.0
TX_001580,CUST_0087,09-03-2026 05:08,3269.27,dining,BENEF_SUSP_9128,1.0
TX_001581,CUST_0062,09-03-2026 05:24,334.34,electronics,BENEF_0149,0.0
TX_001582,CUST_0098,09-03-2026 05:55,115.5,shopping_online,BENEF_0203,0.0
TX_001583,CUST_0032,09-03-2026 07:05,343.63,travel_flight,BENEF_0191,0.0
TX_001584,CUST_0015,09-03-2026 08:00,223.22,utilities,BENEF_0196,0.0
TX_001585,CUST_0006,09-03-2026 08:35,246.07,p2p_transfer,BENEF_0073,0.0
TX_001586,CUST_0040,09-03-2026 09:12,378.41,grocery_pos,BENEF_0047,0.0
TX_001587,CUST_0035,09-03-2026 09:36,151.59,shopping_online,BENEF_0122,0.0
TX_001588,CUST_0004,09-03-2026 10:30,385.7,shopping_online,BENEF_0001,0.0
TX_001589,CUST_0088,09-03-2026 10:49,360.41,travel_flight,BENEF_0033,0.0
TX_001590,CUST_0090,09-03-2026 11:51,118.07,dining,BENEF_0023,0.0
TX_001591,CUST_0056,09-03-2026 13:10,234.05,travel_flight,BENEF_0122,0.0
TX_001592,CUST_0014,09-03-2026 14:00,447.79,grocery_pos,BENEF_0091,0.0
TX_001593,CUST_0099,09-03-2026 15:02,415.44,dining,BENEF_0064,0.0
TX_001594,CUST_0036,09-03-2026 15:23,18.06,travel_flight,BENEF_0225,0.0
TX_001595,CUST_0073,09-03-2026 15:44,186.85,utilities,BENEF_0202,0.0
TX_001596,CUST_0075,09-03-2026 16:59,256.49,grocery_pos,BENEF_0045,0.0
TX_001597,CUST_0033,09-03-2026 17:39,345.1,travel_flight,BENEF_0026,0.0
TX_001598,CUST_0014,09-03-2026 18:05,307.38,grocery_pos,BENEF_0185,0.0
TX_001599,CUST_0037,09-03-2026 18:28,94.93,p2p_transfer,BENEF_0164,0.0
TX_001600,CUST_0062,09-03-2026 19:17,326.1,electronics,BENEF_0062,0.0
TX_001601,CUST_0084,09-03-2026 19:48,84.17,shopping_online,BENEF_0098,0.0
TX_001602,CUST_0088,09-03-2026 21:05,42.29,utilities,BENEF_0237,0.0
TX_001603,CUST_0003,09-03-2026 22:15,162.63,grocery_pos,BENEF_0204,0.0
TX_001604,CUST_0012,09-03-2026 23:30,161.97,grocery_pos,BENEF_0067,0.0
TX_001605,CUST_0073,10-03-2026 00:47,203.61,utilities,BENEF_0060,0.0
TX_001606,CUST_0032,10-03-2026 01:13,369.48,dining,BENEF_0017,0.0
TX_001607,CUST_0033,10-03-2026 02:13,253.45,electronics,BENEF_0112,0.0
TX_001608,CUST_0034,10-03-2026 03:15,50.99,electronics,BENEF_0147,0.0
TX_001609,CUST_0046,10-03-2026 04:32,112.31,electronics,BENEF_0064,0.0
TX_001610,CUST_0031,10-03-2026 05:06,20.05,p2p_transfer,BENEF_0235,0.0
TX_001611,CUST_0002,10-03-2026 05:28,256.2,utilities,BENEF_0144,0.0
TX_001612,CUST_0026,10-03-2026 05:52,352.39,electronics,BENEF_0062,0.0
TX_001613,CUST_0096,10-03-2026 06:34,224.92,shopping_online,BENEF_0079,0.0
TX_001614,CUST_0037,10-03-2026 07:22,311.88,shopping_online,BENEF_0007,0.0
TX_001615,CUST_0018,10-03-2026 08:41,369.28,p2p_transfer,BENEF_0152,0.0
TX_001616,CUST_0080,10-03-2026 09:10,338.98,dining,BENEF_0008,0.0
TX_001617,CUST_0024,10-03-2026 10:04,347.92,utilities,BENEF_0088,0.0
TX_001618,CUST_0024,10-03-2026 10:51,143.83,shopping_online,BENEF_0214,0.0
TX_001619,CUST_0082,10-03-2026 11:23,168.36,electronics,BENEF_0029,0.0
TX_001620,CUST_0080,10-03-2026 12:50,386.93,p2p_transfer,BENEF_0112,0.0
TX_001621,CUST_0038,10-03-2026 13:41,374.02,grocery_pos,BENEF_0106,0.0
TX_001622,CUST_0046,10-03-2026 14:48,387.97,grocery_pos,BENEF_0199,0.0
TX_001623,CUST_0015,10-03-2026 15:31,61.78,travel_flight,BENEF_0047,0.0
TX_001624,CUST_0019,10-03-2026 15:55,204.31,grocery_pos,BENEF_0219,0.0
TX_001625,CUST_0011,10-03-2026 16:38,2925.35,dining,BENEF_SUSP_9643,1.0
TX_001626,CUST_0031,10-03-2026 17:41,234.37,grocery_pos,BENEF_0017,0.0
TX_001627,CUST_0078,10-03-2026 19:03,1262.36,utilities,BENEF_SUSP_9597,1.0
TX_001628,CUST_0013,10-03-2026 20:16,193.82,p2p_transfer,BENEF_0242,0.0
TX_001629,CUST_0055,10-03-2026 21:12,287.12,dining,BENEF_0110,0.0
TX_001630,CUST_0049,10-03-2026 22:08,102.65,electronics,BENEF_0048,0.0
TX_001631,CUST_0056,10-03-2026 23:38,83.74,electronics,BENEF_0066,0.0
TX_001632,CUST_0046,11-03-2026 00:05,126.33,utilities,BENEF_0144,0.0
TX_001633,CUST_0029,11-03-2026 00:24,161.88,utilities,BENEF_0076,0.0
TX_001634,CUST_0083,11-03-2026 01:30,247.36,travel_flight,BENEF_0232,0.0
TX_001635,CUST_0002,11-03-2026 03:00,235.23,p2p_transfer,BENEF_0095,0.0
TX_001636,CUST_0082,11-03-2026 03:28,128.08,electronics,BENEF_0143,0.0
TX_001637,CUST_0060,11-03-2026 04:55,390.48,dining,BENEF_0139,0.0
TX_001638,CUST_0077,11-03-2026 06:14,101.05,shopping_online,BENEF_0211,0.0
TX_001639,CUST_0061,11-03-2026 07:04,278.49,shopping_online,BENEF_0208,0.0
TX_001640,CUST_0060,11-03-2026 08:31,116.81,grocery_pos,BENEF_0213,0.0
TX_001641,CUST_0063,11-03-2026 09:21,188.96,dining,BENEF_0133,0.0
TX_001642,CUST_0075,11-03-2026 10:40,376.38,p2p_transfer,BENEF_0220,0.0
TX_001643,CUST_0082,11-03-2026 11:09,46.34,shopping_online,BENEF_0075,0.0
TX_001644,CUST_0054,11-03-2026 11:48,126.0,travel_flight,BENEF_0208,0.0
TX_001645,CUST_0012,11-03-2026 12:59,310.93,travel_flight,BENEF_0105,0.0
TX_001646,CUST_0014,11-03-2026 13:49,408.1,utilities,BENEF_0054,0.0
TX_001647,CUST_0042,11-03-2026 14:48,2285.69,p2p_transfer,BENEF_SUSP_9061,1.0
TX_001648,CUST_0046,11-03-2026 16:00,393.33,electronics,BENEF_0141,0.0
TX_001649,CUST_0020,11-03-2026 17:28,395.15,shopping_online,BENEF_0219,0.0
TX_001650,CUST_0086,11-03-2026 17:47,275.78,travel_flight,BENEF_0176,0.0
TX_001651,CUST_0092,11-03-2026 18:46,228.51,utilities,BENEF_0126,0.0
TX_001652,CUST_0004,11-03-2026 19:02,27.41,travel_flight,BENEF_0248,0.0
TX_001653,CUST_0009,11-03-2026 19:21,68.91,grocery_pos,BENEF_0007,0.0
TX_001654,CUST_0084,11-03-2026 20:48,390.96,grocery_pos,BENEF_0125,0.0
TX_001655,CUST_0022,11-03-2026 21:35,236.11,dining,BENEF_0034,0.0
TX_001656,CUST_0095,11-03-2026 22:21,157.73,travel_flight,BENEF_0238,0.0
TX_001657,CUST_0072,11-03-2026 23:43,350.77,travel_flight,BENEF_0119,0.0
TX_001658,CUST_0100,12-03-2026 01:02,304.65,dining,BENEF_0032,0.0
TX_001659,CUST_0027,12-03-2026 01:21,232.24,dining,BENEF_0052,0.0
TX_001660,CUST_0043,12-03-2026 02:34,57.36,grocery_pos,BENEF_0191,0.0
TX_001661,CUST_0100,12-03-2026 03:49,149.27,utilities,BENEF_0217,0.0
TX_001662,CUST_0026,12-03-2026 04:57,186.58,utilities,BENEF_0067,0.0
TX_001663,CUST_0004,12-03-2026 05:23,217.5,dining,BENEF_0010,0.0
TX_001664,CUST_0063,12-03-2026 05:39,231.77,grocery_pos,BENEF_0067,0.0
TX_001665,CUST_0012,12-03-2026 06:09,109.58,shopping_online,BENEF_0092,0.0
TX_001666,CUST_0002,12-03-2026 07:14,424.63,shopping_online,BENEF_0145,0.0
TX_001667,CUST_0003,12-03-2026 08:20,412.87,utilities,BENEF_0019,0.0
TX_001668,CUST_0042,12-03-2026 08:57,259.28,utilities,BENEF_0230,0.0
TX_001669,CUST_0087,12-03-2026 09:42,199.47,travel_flight,BENEF_0225,0.0
TX_001670,CUST_0093,12-03-2026 11:06,305.67,travel_flight,BENEF_0061,0.0
TX_001671,CUST_0062,12-03-2026 11:41,228.25,shopping_online,BENEF_0054,0.0
TX_001672,CUST_0064,12-03-2026 12:54,317.31,electronics,BENEF_0148,0.0
TX_001673,CUST_0017,12-03-2026 14:01,349.1,dining,BENEF_0089,0.0
TX_001674,CUST_0063,12-03-2026 15:06,328.22,utilities,BENEF_0117,0.0
TX_001675,CUST_0012,12-03-2026 16:23,328.48,utilities,BENEF_0169,0.0
TX_001676,CUST_0037,12-03-2026 17:23,180.39,p2p_transfer,BENEF_0155,0.0
TX_001677,CUST_0069,12-03-2026 17:48,188.48,p2p_transfer,BENEF_0097,0.0
TX_001678,CUST_0050,12-03-2026 18:36,80.86,utilities,BENEF_0167,0.0
TX_001679,CUST_0002,12-03-2026 19:10,23.83,p2p_transfer,BENEF_0179,0.0
TX_001680,CUST_0029,12-03-2026 19:40,174.31,travel_flight,BENEF_0126,0.0
TX_001681,CUST_0093,12-03-2026 20:44,447.37,p2p_transfer,BENEF_0020,0.0
TX_001682,CUST_0046,12-03-2026 21:23,162.79,dining,BENEF_0125,0.0
TX_001683,CUST_0066,12-03-2026 21:54,186.24,p2p_transfer,BENEF_0224,0.0
TX_001684,CUST_0055,12-03-2026 23:11,293.33,electronics,BENEF_0032,0.0
TX_001685,CUST_0066,13-03-2026 00:18,72.68,electronics,BENEF_0018,0.0
TX_001686,CUST_0018,13-03-2026 01:12,290.32,dining,BENEF_0051,0.0
TX_001687,CUST_0095,13-03-2026 01:49,19.79,dining,BENEF_0012,0.0
TX_001688,CUST_0067,13-03-2026 02:36,288.46,travel_flight,BENEF_0127,0.0
TX_001689,CUST_0075,13-03-2026 04:01,323.06,grocery_pos,BENEF_0103,0.0
TX_001690,CUST_0061,13-03-2026 05:09,15.39,utilities,BENEF_0026,0.0
TX_001691,CUST_0028,13-03-2026 06:39,75.84,grocery_pos,BENEF_0230,0.0
TX_001692,CUST_0056,13-03-2026 07:17,250.28,dining,BENEF_0055,0.0
TX_001693,CUST_0088,13-03-2026 07:50,267.32,grocery_pos,BENEF_0195,0.0
TX_001694,CUST_0018,13-03-2026 09:10,361.5,travel_flight,BENEF_0217,0.0
TX_001695,CUST_0006,13-03-2026 10:24,202.78,shopping_online,BENEF_0196,0.0
TX_001696,CUST_0006,13-03-2026 11:14,43.67,electronics,BENEF_0113,0.0
TX_001697,CUST_0067,13-03-2026 12:06,230.36,grocery_pos,BENEF_0034,0.0
TX_001698,CUST_0089,13-03-2026 13:21,406.74,travel_flight,BENEF_0087,0.0
TX_001699,CUST_0048,13-03-2026 14:32,278.25,dining,BENEF_0241,0.0
TX_001700,CUST_0040,13-03-2026 15:45,329.63,dining,BENEF_0046,0.0
TX_001701,CUST_0039,13-03-2026 16:29,246.71,dining,BENEF_0222,0.0
TX_001702,CUST_0063,13-03-2026 17:58,172.52,grocery_pos,BENEF_0008,0.0
TX_001703,CUST_0001,13-03-2026 18:37,30.09,dining,BENEF_0184,0.0
TX_001704,CUST_0046,13-03-2026 20:02,103.45,p2p_transfer,BENEF_0170,0.0
TX_001705,CUST_0025,13-03-2026 21:31,418.18,utilities,BENEF_0118,0.0
TX_001706,CUST_0052,13-03-2026 22:37,152.19,utilities,BENEF_0247,0.0
TX_001707,CUST_0043,13-03-2026 23:33,40.33,dining,BENEF_0115,0.0
TX_001708,CUST_0091,14-03-2026 00:21,57.52,p2p_transfer,BENEF_0034,0.0
TX_001709,CUST_0013,14-03-2026 00:56,199.33,travel_flight,BENEF_0184,0.0
TX_001710,CUST_0064,14-03-2026 01:54,158.61,grocery_pos,BENEF_0038,0.0
TX_001711,CUST_0042,14-03-2026 02:54,106.26,p2p_transfer,BENEF_0221,0.0
TX_001712,CUST_0002,14-03-2026 04:24,4158.05,electronics,BENEF_SUSP_9164,1.0
TX_001713,CUST_0089,14-03-2026 04:39,322.13,travel_flight,BENEF_0112,0.0
TX_001714,CUST_0051,14-03-2026 05:32,67.06,electronics,BENEF_0223,0.0
TX_001715,CUST_0007,14-03-2026 05:50,356.43,shopping_online,BENEF_0017,0.0
TX_001716,CUST_0082,14-03-2026 07:13,396.51,grocery_pos,BENEF_0210,0.0
TX_001717,CUST_0033,14-03-2026 08:37,336.25,dining,BENEF_0140,0.0
TX_001718,CUST_0007,14-03-2026 08:52,374.9,shopping_online,BENEF_0198,0.0
TX_001719,CUST_0093,14-03-2026 09:33,407.6,utilities,BENEF_0040,0.0
TX_001720,CUST_0050,14-03-2026 10:43,449.64,electronics,BENEF_0023,0.0
TX_001721,CUST_0089,14-03-2026 12:08,209.21,p2p_transfer,BENEF_0186,0.0
TX_001722,CUST_0057,14-03-2026 12:44,230.18,travel_flight,BENEF_0046,0.0
TX_001723,CUST_0033,14-03-2026 13:55,394.67,electronics,BENEF_0216,0.0
TX_001724,CUST_0098,14-03-2026 15:19,405.2,shopping_online,BENEF_0149,0.0
TX_001725,CUST_0075,14-03-2026 15:59,40.42,shopping_online,BENEF_0158,0.0
TX_001726,CUST_0038,14-03-2026 17:06,28.7,dining,BENEF_0014,0.0
TX_001727,CUST_0033,14-03-2026 17:36,50.29,shopping_online,BENEF_0073,0.0
TX_001728,CUST_0083,14-03-2026 18:09,208.41,shopping_online,BENEF_0179,0.0
TX_001729,CUST_0010,14-03-2026 19:28,321.41,shopping_online,BENEF_0078,0.0
TX_001730,CUST_0060,14-03-2026 20:30,166.56,dining,BENEF_0064,0.0
TX_001731,CUST_0040,14-03-2026 21:21,1659.71,dining,BENEF_SUSP_9535,1.0
TX_001732,CUST_0098,14-03-2026 21:48,401.51,dining,BENEF_0163,0.0
TX_001733,CUST_0082,14-03-2026 22:37,334.22,travel_flight,BENEF_0164,0.0
TX_001734,CUST_0091,14-03-2026 23:41,342.98,dining,BENEF_0029,0.0
TX_001735,CUST_0073,15-03-2026 00:03,198.5,shopping_online,BENEF_0238,0.0
TX_001736,CUST_0074,15-03-2026 01:20,233.64,grocery_pos,BENEF_0209,0.0
TX_001737,CUST_0045,15-03-2026 02:50,23.77,travel_flight,BENEF_0198,0.0
TX_001738,CUST_0032,15-03-2026 03:53,421.86,p2p_transfer,BENEF_0030,0.0
TX_001739,CUST_0093,15-03-2026 04:17,155.12,utilities,BENEF_0162,0.0
TX_001740,CUST_0040,15-03-2026 04:42,355.08,grocery_pos,BENEF_0124,0.0
TX_001741,CUST_0041,15-03-2026 05:58,445.05,electronics,BENEF_0162,0.0
TX_001742,CUST_0010,15-03-2026 07:28,114.75,dining,BENEF_0244,0.0
TX_001743,CUST_0084,15-03-2026 08:30,232.97,dining,BENEF_0205,0.0
TX_001744,CUST_0074,15-03-2026 08:57,3499.99,electronics,BENEF_SUSP_9962,1.0
TX_001745,CUST_0004,15-03-2026 10:18,203.78,grocery_pos,BENEF_0209,0.0
TX_001746,CUST_0011,15-03-2026 10:33,172.39,p2p_transfer,BENEF_0226,0.0
TX_001747,CUST_0078,15-03-2026 11:46,430.15,shopping_online,BENEF_0053,0.0
TX_001748,CUST_0024,15-03-2026 12:43,428.45,travel_flight,BENEF_0055,0.0
TX_001749,CUST_0007,15-03-2026 13:55,353.3,electronics,BENEF_0081,0.0
TX_001750,CUST_0071,15-03-2026 14:17,147.45,shopping_online,BENEF_0227,0.0
TX_001751,CUST_0032,15-03-2026 15:42,155.56,electronics,BENEF_0011,0.0
TX_001752,CUST_0056,15-03-2026 16:36,101.87,grocery_pos,BENEF_0172,0.0
TX_001753,CUST_0062,15-03-2026 17:17,444.46,electronics,BENEF_0073,0.0
TX_001754,CUST_0032,15-03-2026 18:38,202.02,shopping_online,BENEF_0213,0.0
TX_001755,CUST_0001,15-03-2026 18:53,243.82,p2p_transfer,BENEF_0235,0.0
TX_001756,CUST_0023,15-03-2026 19:40,235.68,utilities,BENEF_0123,0.0
TX_001757,CUST_0043,15-03-2026 20:33,157.28,electronics,BENEF_0006,0.0
TX_001758,CUST_0098,15-03-2026 21:25,94.96,electronics,BENEF_0018,0.0
TX_001759,CUST_0049,15-03-2026 22:55,263.8,utilities,BENEF_0180,0.0
TX_001760,CUST_0088,15-03-2026 23:36,387.89,grocery_pos,BENEF_0112,0.0
TX_001761,CUST_0046,16-03-2026 00:15,65.98,p2p_transfer,BENEF_0003,0.0
TX_001762,CUST_0092,16-03-2026 01:07,443.96,p2p_transfer,BENEF_0186,0.0
TX_001763,CUST_0053,16-03-2026 02:34,2000.07,p2p_transfer,BENEF_SUSP_9226,1.0
TX_001764,CUST_0022,16-03-2026 02:58,216.93,grocery_pos,BENEF_0135,0.0
TX_001765,CUST_0043,16-03-2026 03:27,232.13,dining,BENEF_0145,0.0
TX_001766,CUST_0022,16-03-2026 04:22,90.02,dining,BENEF_0012,0.0
TX_001767,CUST_0042,16-03-2026 05:43,3856.74,utilities,BENEF_SUSP_9229,1.0
TX_001768,CUST_0061,16-03-2026 06:43,213.29,p2p_transfer,BENEF_0095,0.0
TX_001769,CUST_0021,16-03-2026 07:21,4208.23,shopping_online,BENEF_SUSP_9567,1.0
TX_001770,CUST_0064,16-03-2026 08:48,233.27,grocery_pos,BENEF_0135,0.0
TX_001771,CUST_0094,16-03-2026 10:03,232.93,travel_flight,BENEF_0170,0.0
TX_001772,CUST_0009,16-03-2026 11:11,157.21,electronics,BENEF_0071,0.0
TX_001773,CUST_0040,16-03-2026 12:30,352.26,grocery_pos,BENEF_0221,0.0
TX_001774,CUST_0002,16-03-2026 13:22,432.07,utilities,BENEF_0020,0.0
TX_001775,CUST_0100,16-03-2026 14:11,217.63,travel_flight,BENEF_0050,0.0
TX_001776,CUST_0061,16-03-2026 14:54,420.92,grocery_pos,BENEF_0230,0.0
TX_001777,CUST_0085,16-03-2026 15:13,172.88,shopping_online,BENEF_0130,0.0
TX_001778,CUST_0068,16-03-2026 15:56,29.3,p2p_transfer,BENEF_0056,0.0
TX_001779,CUST_0040,16-03-2026 16:41,211.43,p2p_transfer,BENEF_0148,0.0
TX_001780,CUST_0008,16-03-2026 17:02,425.39,grocery_pos,BENEF_0218,0.0
TX_001781,CUST_0012,16-03-2026 17:37,113.1,shopping_online,BENEF_0031,0.0
TX_001782,CUST_0068,16-03-2026 18:40,132.47,shopping_online,BENEF_0053,0.0
TX_001783,CUST_0066,16-03-2026 19:33,293.47,dining,BENEF_0203,0.0
TX_001784,CUST_0002,16-03-2026 20:52,352.19,p2p_transfer,BENEF_0241,0.0
TX_001785,CUST_0084,16-03-2026 21:47,315.62,travel_flight,BENEF_0030,0.0
TX_001786,CUST_0043,16-03-2026 22:43,373.7,shopping_online,BENEF_0092,0.0
TX_001787,CUST_0055,16-03-2026 23:33,90.21,shopping_online,BENEF_0001,0.0
TX_001788,CUST_0092,17-03-2026 01:03,16.55,p2p_transfer,BENEF_0213,0.0
TX_001789,CUST_0079,17-03-2026 01:23,432.1,dining,BENEF_0178,0.0
TX_001790,CUST_0013,17-03-2026 02:08,1727.22,shopping_online,BENEF_SUSP_9966,1.0
TX_001791,CUST_0031,17-03-2026 02:25,67.9,utilities,BENEF_0211,0.0
TX_001792,CUST_0068,17-03-2026 03:54,149.86,travel_flight,BENEF_0223,0.0
TX_001793,CUST_0002,17-03-2026 05:16,4301.29,dining,BENEF_SUSP_9700,1.0
TX_001794,CUST_0005,17-03-2026 06:04,355.8,p2p_transfer,BENEF_0166,0.0
TX_001795,CUST_0076,17-03-2026 07:02,392.12,dining,BENEF_0216,0.0
TX_001796,CUST_0005,17-03-2026 07:56,426.74,shopping_online,BENEF_0234,0.0
TX_001797,CUST_0058,17-03-2026 08:30,72.68,dining,BENEF_0186,0.0
TX_001798,CUST_0039,17-03-2026 09:45,316.77,electronics,BENEF_0025,0.0
TX_001799,CUST_0031,17-03-2026 10:49,383.98,grocery_pos,BENEF_0029,0.0
TX_001800,CUST_0049,17-03-2026 12:10,115.45,dining,BENEF_0202,0.0
TX_001801,CUST_0018,17-03-2026 13:22,306.05,travel_flight,BENEF_0060,0.0
TX_001802,CUST_0079,17-03-2026 14:34,337.86,p2p_transfer,BENEF_0013,0.0
TX_001803,CUST_0029,17-03-2026 16:03,222.89,p2p_transfer,BENEF_0133,0.0
TX_001804,CUST_0086,17-03-2026 16:44,1902.91,utilities,BENEF_SUSP_9378,1.0
TX_001805,CUST_0057,17-03-2026 17:14,2050.06,travel_flight,BENEF_SUSP_9751,1.0
TX_001806,CUST_0087,17-03-2026 18:09,325.85,electronics,BENEF_0090,0.0
TX_001807,CUST_0043,17-03-2026 19:34,27.56,utilities,BENEF_0065,0.0
TX_001808,CUST_0022,17-03-2026 20:56,333.45,shopping_online,BENEF_0030,0.0
TX_001809,CUST_0075,17-03-2026 21:38,202.6,utilities,BENEF_0215,0.0
TX_001810,CUST_0092,17-03-2026 23:00,348.94,utilities,BENEF_0163,0.0
TX_001811,CUST_0043,18-03-2026 00:17,369.46,electronics,BENEF_0109,0.0
TX_001812,CUST_0100,18-03-2026 00:42,238.73,grocery_pos,BENEF_0012,0.0
TX_001813,CUST_0011,18-03-2026 01:31,379.49,p2p_transfer,BENEF_0150,0.0
TX_001814,CUST_0041,18-03-2026 02:26,36.5,p2p_transfer,BENEF_0155,0.0
TX_001815,CUST_0080,18-03-2026 02:43,270.87,electronics,BENEF_0049,0.0
TX_001816,CUST_0029,18-03-2026 04:01,306.39,travel_flight,BENEF_0082,0.0
TX_001817,CUST_0080,18-03-2026 05:26,228.53,shopping_online,BENEF_0048,0.0
TX_001818,CUST_0028,18-03-2026 06:27,207.97,dining,BENEF_0169,0.0
TX_001819,CUST_0059,18-03-2026 07:32,159.97,shopping_online,BENEF_0009,0.0
TX_001820,CUST_0039,18-03-2026 07:52,264.0,electronics,BENEF_0015,0.0
TX_001821,CUST_0100,18-03-2026 09:11,340.24,utilities,BENEF_0221,0.0
TX_001822,CUST_0017,18-03-2026 09:31,128.35,utilities,BENEF_0130,0.0
TX_001823,CUST_0067,18-03-2026 10:18,363.07,grocery_pos,BENEF_0232,0.0
TX_001824,CUST_0055,18-03-2026 11:29,31.43,travel_flight,BENEF_0095,0.0
TX_001825,CUST_0022,18-03-2026 12:33,185.82,p2p_transfer,BENEF_0071,0.0
TX_001826,CUST_0045,18-03-2026 13:24,429.77,utilities,BENEF_0171,0.0
TX_001827,CUST_0020,18-03-2026 14:54,117.18,utilities,BENEF_0133,0.0
TX_001828,CUST_0010,18-03-2026 15:37,422.71,travel_flight,BENEF_0229,0.0
TX_001829,CUST_0078,18-03-2026 16:07,304.69,utilities,BENEF_0230,0.0
TX_001830,CUST_0001,18-03-2026 16:53,241.91,p2p_transfer,BENEF_0041,0.0
TX_001831,CUST_0057,18-03-2026 18:14,294.82,travel_flight,BENEF_0063,0.0
TX_001832,CUST_0078,18-03-2026 18:58,412.91,shopping_online,BENEF_0026,0.0
TX_001833,CUST_0084,18-03-2026 20:01,148.46,dining,BENEF_0031,0.0
TX_001834,CUST_0041,18-03-2026 20:26,228.54,electronics,BENEF_0226,0.0
TX_001835,CUST_0053,18-03-2026 21:55,427.59,grocery_pos,BENEF_0065,0.0
TX_001836,CUST_0008,18-03-2026 23:22,320.77,shopping_online,BENEF_0130,0.0
TX_001837,CUST_0088,19-03-2026 00:32,319.3,electronics,BENEF_0078,0.0
TX_001838,CUST_0084,19-03-2026 01:46,448.58,shopping_online,BENEF_0181,0.0
TX_001839,CUST_0099,19-03-2026 02:38,442.89,p2p_transfer,BENEF_0225,0.0
TX_001840,CUST_0092,19-03-2026 03:20,3603.22,p2p_transfer,BENEF_SUSP_9229,1.0
TX_001841,CUST_0014,19-03-2026 04:23,87.9,grocery_pos,BENEF_0137,0.0
TX_001842,CUST_0031,19-03-2026 05:39,101.34,grocery_pos,BENEF_0004,0.0
TX_001843,CUST_0094,19-03-2026 06:38,272.04,travel_flight,BENEF_0173,0.0
TX_001844,CUST_0098,19-03-2026 06:55,421.82,travel_flight,BENEF_0139,0.0
TX_001845,CUST_0057,19-03-2026 08:12,232.98,travel_flight,BENEF_0016,0.0
TX_001846,CUST_0044,19-03-2026 09:00,338.51,utilities,BENEF_0115,0.0
TX_001847,CUST_0027,19-03-2026 09:59,193.16,utilities,BENEF_0160,0.0
TX_001848,CUST_0022,19-03-2026 10:37,225.72,shopping_online,BENEF_0202,0.0
TX_001849,CUST_0006,19-03-2026 11:56,396.6,utilities,BENEF_0219,0.0
TX_001850,CUST_0068,19-03-2026 12:57,435.37,dining,BENEF_0004,0.0
TX_001851,CUST_0048,19-03-2026 14:21,232.93,travel_flight,BENEF_0192,0.0
TX_001852,CUST_0032,19-03-2026 15:15,367.47,shopping_online,BENEF_0112,0.0
TX_001853,CUST_0074,19-03-2026 16:06,355.73,utilities,BENEF_0130,0.0
TX_001854,CUST_0073,19-03-2026 16:29,91.31,utilities,BENEF_0110,0.0
TX_001855,CUST_0037,19-03-2026 17:52,2582.94,p2p_transfer,BENEF_SUSP_9265,1.0
TX_001856,CUST_0012,19-03-2026 19:03,370.62,grocery_pos,BENEF_0056,0.0
TX_001857,CUST_0086,19-03-2026 20:17,446.75,travel_flight,BENEF_0021,0.0
TX_001858,CUST_0093,19-03-2026 20:33,334.07,grocery_pos,BENEF_0243,0.0
TX_001859,CUST_0083,19-03-2026 21:16,214.58,p2p_transfer,BENEF_0096,0.0
TX_001860,CUST_0070,19-03-2026 22:07,27.68,electronics,BENEF_0047,0.0
TX_001861,CUST_0051,19-03-2026 22:52,216.14,dining,BENEF_0084,0.0
TX_001862,CUST_0059,19-03-2026 23:50,92.03,grocery_pos,BENEF_0060,0.0
TX_001863,CUST_0095,20-03-2026 01:03,67.97,electronics,BENEF_0134,0.0
TX_001864,CUST_0017,20-03-2026 02:28,28.44,utilities,BENEF_0223,0.0
TX_001865,CUST_0062,20-03-2026 03:14,249.7,utilities,BENEF_0084,0.0
TX_001866,CUST_0010,20-03-2026 04:14,258.33,shopping_online,BENEF_0120,0.0
TX_001867,CUST_0054,20-03-2026 05:29,235.19,electronics,BENEF_0054,0.0
TX_001868,CUST_0034,20-03-2026 06:37,424.57,dining,BENEF_0195,0.0
TX_001869,CUST_0022,20-03-2026 07:22,127.56,dining,BENEF_0014,0.0
TX_001870,CUST_0021,20-03-2026 08:07,324.87,electronics,BENEF_0112,0.0
TX_001871,CUST_0031,20-03-2026 08:51,358.54,grocery_pos,BENEF_0160,0.0
TX_001872,CUST_0099,20-03-2026 09:07,256.72,dining,BENEF_0215,0.0
TX_001873,CUST_0047,20-03-2026 09:33,188.52,travel_flight,BENEF_0047,0.0
TX_001874,CUST_0092,20-03-2026 10:59,95.67,utilities,BENEF_0078,0.0
TX_001875,CUST_0045,20-03-2026 11:14,79.23,travel_flight,BENEF_0082,0.0
TX_001876,CUST_0037,20-03-2026 12:13,245.06,electronics,BENEF_0154,0.0
TX_001877,CUST_0079,20-03-2026 13:24,40.47,p2p_transfer,BENEF_0020,0.0
TX_001878,CUST_0091,20-03-2026 14:38,289.17,p2p_transfer,BENEF_0068,0.0
TX_001879,CUST_0068,20-03-2026 15:48,162.08,dining,BENEF_0205,0.0
TX_001880,CUST_0069,20-03-2026 16:36,231.0,shopping_online,BENEF_0246,0.0
TX_001881,CUST_0092,20-03-2026 17:04,4178.86,utilities,BENEF_SUSP_9841,1.0
TX_001882,CUST_0011,20-03-2026 18:20,442.14,travel_flight,BENEF_0079,0.0
TX_001883,CUST_0010,20-03-2026 18:42,41.95,grocery_pos,BENEF_0077,0.0
TX_001884,CUST_0045,20-03-2026 19:18,320.56,utilities,BENEF_0081,0.0
TX_001885,CUST_0006,20-03-2026 20:40,443.1,grocery_pos,BENEF_0094,0.0
TX_001886,CUST_0011,20-03-2026 21:11,116.38,travel_flight,BENEF_0137,0.0
TX_001887,CUST_0071,20-03-2026 21:48,226.89,grocery_pos,BENEF_0040,0.0
TX_001888,CUST_0057,20-03-2026 22:26,396.99,travel_flight,BENEF_0238,0.0
TX_001889,CUST_0011,20-03-2026 23:51,221.26,grocery_pos,BENEF_0233,0.0
TX_001890,CUST_0073,21-03-2026 01:17,159.38,grocery_pos,BENEF_0230,0.0
TX_001891,CUST_0016,21-03-2026 01:47,201.49,shopping_online,BENEF_0012,0.0
TX_001892,CUST_0062,21-03-2026 02:54,75.1,utilities,BENEF_0076,0.0
TX_001893,CUST_0023,21-03-2026 03:53,48.9,shopping_online,BENEF_0147,0.0
TX_001894,CUST_0021,21-03-2026 04:32,398.58,grocery_pos,BENEF_0129,0.0
TX_001895,CUST_0065,21-03-2026 05:02,1295.63,grocery_pos,BENEF_SUSP_9553,1.0
TX_001896,CUST_0036,21-03-2026 05:44,127.38,electronics,BENEF_0226,0.0
TX_001897,CUST_0054,21-03-2026 06:11,155.3,travel_flight,BENEF_0049,0.0
TX_001898,CUST_0071,21-03-2026 06:38,192.25,travel_flight,BENEF_0181,0.0
TX_001899,CUST_0009,21-03-2026 07:47,35.06,grocery_pos,BENEF_0198,0.0
TX_001900,CUST_0081,21-03-2026 08:15,248.53,travel_flight,BENEF_0022,0.0
TX_001901,CUST_0070,21-03-2026 08:57,1143.98,travel_flight,BENEF_SUSP_9475,1.0
TX_001902,CUST_0034,21-03-2026 09:28,421.55,grocery_pos,BENEF_0020,0.0
TX_001903,CUST_0028,21-03-2026 09:45,244.88,shopping_online,BENEF_0125,0.0
TX_001904,CUST_0045,21-03-2026 10:33,71.88,shopping_online,BENEF_0181,0.0
TX_001905,CUST_0005,21-03-2026 11:12,261.95,shopping_online,BENEF_0123,0.0
TX_001906,CUST_0026,21-03-2026 11:58,23.21,grocery_pos,BENEF_0063,0.0
TX_001907,CUST_0052,21-03-2026 12:58,424.66,shopping_online,BENEF_0144,0.0
TX_001908,CUST_0021,21-03-2026 13:52,419.22,shopping_online,BENEF_0085,0.0
TX_001909,CUST_0014,21-03-2026 14:27,103.47,dining,BENEF_0090,0.0
TX_001910,CUST_0086,21-03-2026 14:46,296.8,travel_flight,BENEF_0064,0.0
TX_001911,CUST_0030,21-03-2026 16:11,431.99,grocery_pos,BENEF_0077,0.0
TX_001912,CUST_0018,21-03-2026 17:15,258.37,grocery_pos,BENEF_0035,0.0
TX_001913,CUST_0010,21-03-2026 17:49,121.76,utilities,BENEF_0185,0.0
TX_001914,CUST_0021,21-03-2026 18:23,232.72,electronics,BENEF_0162,0.0
TX_001915,CUST_0067,21-03-2026 18:39,438.84,p2p_transfer,BENEF_0142,0.0
TX_001916,CUST_0072,21-03-2026 19:51,368.67,dining,BENEF_0067,0.0
TX_001917,CUST_0025,21-03-2026 20:13,294.94,electronics,BENEF_0244,0.0
TX_001918,CUST_0061,21-03-2026 21:06,399.49,electronics,BENEF_0199,0.0
TX_001919,CUST_0047,21-03-2026 21:26,88.58,electronics,BENEF_0024,0.0
TX_001920,CUST_0084,21-03-2026 22:19,384.95,electronics,BENEF_0145,0.0
TX_001921,CUST_0032,21-03-2026 23:38,257.37,p2p_transfer,BENEF_0197,0.0
TX_001922,CUST_0088,22-03-2026 00:38,331.47,shopping_online,BENEF_0028,0.0
TX_001923,CUST_0070,22-03-2026 01:01,300.76,utilities,BENEF_0169,0.0
TX_001924,CUST_0020,22-03-2026 02:24,84.15,grocery_pos,BENEF_0192,0.0
TX_001925,CUST_0038,22-03-2026 02:41,108.72,electronics,BENEF_0044,0.0
TX_001926,CUST_0057,22-03-2026 03:08,213.3,utilities,BENEF_0222,0.0
TX_001927,CUST_0028,22-03-2026 04:20,262.32,electronics,BENEF_0184,0.0
TX_001928,CUST_0085,22-03-2026 05:02,259.15,utilities,BENEF_0094,0.0
TX_001929,CUST_0008,22-03-2026 05:19,191.52,dining,BENEF_0058,0.0
TX_001930,CUST_0030,22-03-2026 06:05,363.92,dining,BENEF_0103,0.0
TX_001931,CUST_0004,22-03-2026 07:31,62.3,electronics,BENEF_0009,0.0
TX_001932,CUST_0058,22-03-2026 07:56,203.51,travel_flight,BENEF_0192,0.0
TX_001933,CUST_0013,22-03-2026 08:18,321.21,grocery_pos,BENEF_0071,0.0
TX_001934,CUST_0087,22-03-2026 09:08,234.55,shopping_online,BENEF_0024,0.0
TX_001935,CUST_0051,22-03-2026 09:28,149.16,utilities,BENEF_0249,0.0
TX_001936,CUST_0044,22-03-2026 10:50,76.76,travel_flight,BENEF_0231,0.0
TX_001937,CUST_0080,22-03-2026 11:41,129.16,grocery_pos,BENEF_0196,0.0
TX_001938,CUST_0033,22-03-2026 12:09,445.3,p2p_transfer,BENEF_0020,0.0
TX_001939,CUST_0034,22-03-2026 13:36,300.18,travel_flight,BENEF_0046,0.0
TX_001940,CUST_0072,22-03-2026 13:53,245.55,p2p_transfer,BENEF_0064,0.0
TX_001941,CUST_0062,22-03-2026 14:18,57.9,grocery_pos,BENEF_0130,0.0
TX_001942,CUST_0042,22-03-2026 15:26,272.56,electronics,BENEF_0174,0.0
TX_001943,CUST_0027,22-03-2026 16:38,279.0,shopping_online,BENEF_0070,0.0
TX_001944,CUST_0031,22-03-2026 17:17,185.17,grocery_pos,BENEF_0142,0.0
TX_001945,CUST_0078,22-03-2026 18:46,337.43,travel_flight,BENEF_0107,0.0
TX_001946,CUST_0039,22-03-2026 19:41,364.58,electronics,BENEF_0155,0.0
TX_001947,CUST_0010,22-03-2026 21:00,205.88,dining,BENEF_0100,0.0
TX_001948,CUST_0024,22-03-2026 21:56,338.61,travel_flight,BENEF_0017,0.0
TX_001949,CUST_0099,22-03-2026 22:22,404.47,travel_flight,BENEF_0227,0.0
TX_001950,CUST_0095,22-03-2026 23:20,139.64,shopping_online,BENEF_0145,0.0
TX_001951,CUST_0086,23-03-2026 00:01,46.76,dining,BENEF_0171,0.0
TX_001952,CUST_0035,23-03-2026 01:24,398.69,grocery_pos,BENEF_0004,0.0
TX_001953,CUST_0027,23-03-2026 01:41,51.31,utilities,BENEF_0124,0.0
TX_001954,CUST_0069,23-03-2026 03:00,347.37,travel_flight,BENEF_0093,0.0
TX_001955,CUST_0029,23-03-2026 03:49,406.63,utilities,BENEF_0177,0.0
TX_001956,CUST_0044,23-03-2026 04:50,102.1,dining,BENEF_0199,0.0
TX_001957,CUST_0036,23-03-2026 06:00,64.8,dining,BENEF_0028,0.0
TX_001958,CUST_0040,23-03-2026 06:23,405.67,grocery_pos,BENEF_0089,0.0
TX_001959,CUST_0024,23-03-2026 07:00,384.2,travel_flight,BENEF_0059,0.0
TX_001960,CUST_0020,23-03-2026 08:28,246.28,dining,BENEF_0019,0.0
TX_001961,CUST_0015,23-03-2026 08:54,125.4,p2p_transfer,BENEF_0217,0.0
TX_001962,CUST_0024,23-03-2026 09:39,301.89,grocery_pos,BENEF_0085,0.0
TX_001963,CUST_0060,23-03-2026 10:32,383.34,utilities,BENEF_0115,0.0
TX_001964,CUST_0009,23-03-2026 11:19,238.95,p2p_transfer,BENEF_0089,0.0
TX_001965,CUST_0024,23-03-2026 12:22,308.82,grocery_pos,BENEF_0235,0.0
TX_001966,CUST_0016,23-03-2026 13:09,328.69,travel_flight,BENEF_0167,0.0
TX_001967,CUST_0018,23-03-2026 13:31,36.33,utilities,BENEF_0103,0.0
TX_001968,CUST_0009,23-03-2026 14:03,328.74,dining,BENEF_0105,0.0
TX_001969,CUST_0010,23-03-2026 15:06,30.08,electronics,BENEF_0144,0.0
TX_001970,CUST_0094,23-03-2026 15:36,363.61,shopping_online,BENEF_0100,0.0
TX_001971,CUST_0009,23-03-2026 16:10,348.83,grocery_pos,BENEF_0016,0.0
TX_001972,CUST_0012,23-03-2026 16:33,419.25,grocery_pos,BENEF_0027,0.0
TX_001973,CUST_0023,23-03-2026 16:58,297.1,p2p_transfer,BENEF_0203,0.0
TX_001974,CUST_0022,23-03-2026 17:31,2791.92,electronics,BENEF_SUSP_9234,1.0
TX_001975,CUST_0091,23-03-2026 18:58,164.1,p2p_transfer,BENEF_0088,0.0
TX_001976,CUST_0021,23-03-2026 19:49,365.56,shopping_online,BENEF_0181,0.0
TX_001977,CUST_0067,23-03-2026 20:50,148.17,grocery_pos,BENEF_0131,0.0
TX_001978,CUST_0054,23-03-2026 22:16,379.42,dining,BENEF_0049,0.0
TX_001979,CUST_0035,23-03-2026 23:45,130.18,travel_flight,BENEF_0147,0.0
TX_001980,CUST_0022,24-03-2026 00:52,370.11,p2p_transfer,BENEF_0085,0.0
TX_001981,CUST_0046,24-03-2026 01:37,383.43,utilities,BENEF_0137,0.0
TX_001982,CUST_0018,24-03-2026 01:52,152.54,p2p_transfer,BENEF_0107,0.0
TX_001983,CUST_0055,24-03-2026 02:15,385.02,travel_flight,BENEF_0077,0.0
TX_001984,CUST_0047,24-03-2026 03:36,449.06,shopping_online,BENEF_0123,0.0
TX_001985,CUST_0100,24-03-2026 04:51,57.84,dining,BENEF_0233,0.0
TX_001986,CUST_0042,24-03-2026 05:14,58.73,utilities,BENEF_0225,0.0
TX_001987,CUST_0080,24-03-2026 05:54,201.81,dining,BENEF_0028,0.0
TX_001988,CUST_0002,24-03-2026 06:59,228.39,electronics,BENEF_0015,0.0
TX_001989,CUST_0061,24-03-2026 08:16,36.33,travel_flight,BENEF_0121,0.0
TX_001990,CUST_0052,24-03-2026 09:17,188.92,grocery_pos,BENEF_0041,0.0
TX_001991,CUST_0045,24-03-2026 10:17,337.91,utilities,BENEF_0203,0.0
TX_001992,CUST_0038,24-03-2026 11:05,432.6,grocery_pos,BENEF_0230,0.0
TX_001993,CUST_0023,24-03-2026 11:41,202.95,travel_flight,BENEF_0125,0.0
TX_001994,CUST_0015,24-03-2026 13:05,26.23,dining,BENEF_0130,0.0
TX_001995,CUST_0080,24-03-2026 14:21,258.91,p2p_transfer,BENEF_0210,0.0
TX_001996,CUST_0066,24-03-2026 15:32,186.9,electronics,BENEF_0149,0.0
TX_001997,CUST_0012,24-03-2026 16:32,171.45,dining,BENEF_0005,0.0
TX_001998,CUST_0040,24-03-2026 17:03,246.58,p2p_transfer,BENEF_0068,0.0
TX_001999,CUST_0025,24-03-2026 17:24,447.12,p2p_transfer,BENEF_0127,0.0
TX_002000,CUST_0026,24-03-2026 18:47,33.37,grocery_pos,BENEF_0092,0.0